card_name;set_name;set_code;card_number;url
"Erikas Myrapla";"Ascended Heroes";"ASC";"001";"https://www.cardmarket.com/de/Pokemon/Products/Singles/Ascended-Heroes/Erikas-Oddish-ASC001?language=3"
"Erikas Duflor";"Ascended Heroes";"ASC";"002";"https://www.cardmarket.com/de/Pokemon/Products/Singles/Ascended-Heroes/Erikas-Gloom-ASC002?language=3"
"Erikas Giflor ex";"Ascended Heroes";"ASC";"003";"https://www.cardmarket.com/de/Pokemon/Products/Singles/Ascended-Heroes/Erikas-Vileplume-ex-ASC003?language=3"
"Erikas Knofensa";"Ascended Heroes";"ASC";"004";"https://www.cardmarket.com/de/Pokemon/Products/Singles/Ascended-Heroes/Erikas-Bellsprout-ASC004?language=3"
"Erikas Ultrigaria";"Ascended Heroes";"ASC";"005";"https://www.cardmarket.com/de/Pokemon/Products/Singles/Ascended-Heroes/Erikas-Weepinbell-ASC005?language=3"
"Erikas Sarzenia";"Ascended Heroes";"ASC";"006";"https://www.cardmarket.com/de/Pokemon/Products/Singles/Ascended-Heroes/Erikas-Victreebel-ASC006?language=3"
"Erikas Tangela";"Ascended Heroes";"ASC";"007";"https://www.cardmarket.com/de/Pokemon/Products/Singles/Ascended-Heroes/Erikas-Tangela-V1-ASC007?language=3"
"Endivie";"Ascended Heroes";"ASC";"008";"https://www.cardmarket.com/de/Pokemon/Products/Singles/Ascended-Heroes/Chikorita-ASC008?language=3"
"Lorblatt";"Ascended Heroes";"ASC";"009";"https://www.cardmarket.com/de/Pokemon/Products/Singles/Ascended-Heroes/Bayleef-ASC009?language=3"
"Mega Meganie ex";"Ascended Heroes";"ASC";"010";"https://www.cardmarket.com/de/Pokemon/Products/Singles/Ascended-Heroes/Mega-Meganium-ex-V1-ASC010?language=3"
"Waumpel";"Ascended Heroes";"ASC";"011";"https://www.cardmarket.com/de/Pokemon/Products/Singles/Ascended-Heroes/Wurmple-ASC011?language=3"
"Schaloko";"Ascended Heroes";"ASC";"012";"https://www.cardmarket.com/de/Pokemon/Products/Singles/Ascended-Heroes/Silcoon-ASC012?language=3"
"Papinella";"Ascended Heroes";"ASC";"013";"https://www.cardmarket.com/de/Pokemon/Products/Singles/Ascended-Heroes/Beautifly-V1-ASC013?language=3"
"Panekon";"Ascended Heroes";"ASC";"014";"https://www.cardmarket.com/de/Pokemon/Products/Singles/Ascended-Heroes/Cascoon-ASC014?language=3"
"Pudox";"Ascended Heroes";"ASC";"015";"https://www.cardmarket.com/de/Pokemon/Products/Singles/Ascended-Heroes/Dustox-V1-ASC015?language=3"
"Knospi";"Ascended Heroes";"ASC";"016";"https://www.cardmarket.com/de/Pokemon/Products/Singles/Ascended-Heroes/Budew-V1-ASC016?language=3"
"Mabula";"Ascended Heroes";"ASC";"017";"https://www.cardmarket.com/de/Pokemon/Products/Singles/Ascended-Heroes/Grubbin-ASC017?language=3"
"Team Rockets Tarundel";"Ascended Heroes";"ASC";"018";"https://www.cardmarket.com/de/Pokemon/Products/Singles/Ascended-Heroes/Team-Rockets-Tarountula-ASC018?language=3"
"Team Rockets Spinsidias";"Ascended Heroes";"ASC";"019";"https://www.cardmarket.com/de/Pokemon/Products/Singles/Ascended-Heroes/Team-Rockets-Spidops-ASC019?language=3"
"Glumanda";"Ascended Heroes";"ASC";"020";"https://www.cardmarket.com/de/Pokemon/Products/Singles/Ascended-Heroes/Charmander-ASC020?language=3"
"Glutexo";"Ascended Heroes";"ASC";"021";"https://www.cardmarket.com/de/Pokemon/Products/Singles/Ascended-Heroes/Charmeleon-ASC021?language=3"
"Mega Glurak Y ex";"Ascended Heroes";"ASC";"022";"https://www.cardmarket.com/de/Pokemon/Products/Singles/Ascended-Heroes/Mega-Charizard-Y-ex-V1-ASC022?language=3"
"Klarins Schneckmag";"Ascended Heroes";"ASC";"023";"https://www.cardmarket.com/de/Pokemon/Products/Singles/Ascended-Heroes/Ethans-Slugma-ASC023?language=3"
"Klarins Magcargo";"Ascended Heroes";"ASC";"024";"https://www.cardmarket.com/de/Pokemon/Products/Singles/Ascended-Heroes/Ethans-Magcargo-V1-ASC024?language=3"
"Entei";"Ascended Heroes";"ASC";"025";"https://www.cardmarket.com/de/Pokemon/Products/Singles/Ascended-Heroes/Entei-ASC025?language=3"
"Klarins Ho-Oh ex";"Ascended Heroes";"ASC";"026";"https://www.cardmarket.com/de/Pokemon/Products/Singles/Ascended-Heroes/Ethans-Ho-Oh-ex-ASC026?language=3"
"Camaub";"Ascended Heroes";"ASC";"027";"https://www.cardmarket.com/de/Pokemon/Products/Singles/Ascended-Heroes/Numel-V1-ASC027?language=3"
"Camerupt";"Ascended Heroes";"ASC";"028";"https://www.cardmarket.com/de/Pokemon/Products/Singles/Ascended-Heroes/Camerupt-ASC028?language=3"
"Floink";"Ascended Heroes";"ASC";"029";"https://www.cardmarket.com/de/Pokemon/Products/Singles/Ascended-Heroes/Tepig-ASC029?language=3"
"Ferkokel";"Ascended Heroes";"ASC";"030";"https://www.cardmarket.com/de/Pokemon/Products/Singles/Ascended-Heroes/Pignite-ASC030?language=3"
"Mega Flambirex ex";"Ascended Heroes";"ASC";"031";"https://www.cardmarket.com/de/Pokemon/Products/Singles/Ascended-Heroes/Mega-Emboar-ex-V1-ASC031?language=3"
"Ns Flampion";"Ascended Heroes";"ASC";"032";"https://www.cardmarket.com/de/Pokemon/Products/Singles/Ascended-Heroes/Ns-Darumaka-ASC032?language=3"
"Ns Flampivian";"Ascended Heroes";"ASC";"033";"https://www.cardmarket.com/de/Pokemon/Products/Singles/Ascended-Heroes/Ns-Darmanitan-ASC033?language=3"
"Molunk";"Ascended Heroes";"ASC";"034";"https://www.cardmarket.com/de/Pokemon/Products/Singles/Ascended-Heroes/Salandit-ASC034?language=3"
"Amfira";"Ascended Heroes";"ASC";"035";"https://www.cardmarket.com/de/Pokemon/Products/Singles/Ascended-Heroes/Salazzle-V1-ASC035?language=3"
"Hopplo";"Ascended Heroes";"ASC";"036";"https://www.cardmarket.com/de/Pokemon/Products/Singles/Ascended-Heroes/Scorbunny-V1-ASC036?language=3"
"Kickerlo";"Ascended Heroes";"ASC";"037";"https://www.cardmarket.com/de/Pokemon/Products/Singles/Ascended-Heroes/Raboot-ASC037?language=3"
"Liberlo ex";"Ascended Heroes";"ASC";"038";"https://www.cardmarket.com/de/Pokemon/Products/Singles/Ascended-Heroes/Cinderace-ex-ASC038?language=3"
"Enton";"Ascended Heroes";"ASC";"039";"https://www.cardmarket.com/de/Pokemon/Products/Singles/Ascended-Heroes/Psyduck-V1-ASC039?language=3"
"Entoron";"Ascended Heroes";"ASC";"040";"https://www.cardmarket.com/de/Pokemon/Products/Singles/Ascended-Heroes/Golduck-ASC040?language=3"
"Karnimani";"Ascended Heroes";"ASC";"041";"https://www.cardmarket.com/de/Pokemon/Products/Singles/Ascended-Heroes/Totodile-ASC041?language=3"
"Tyracroc";"Ascended Heroes";"ASC";"042";"https://www.cardmarket.com/de/Pokemon/Products/Singles/Ascended-Heroes/Croconaw-ASC042?language=3"
"Mega Impergator ex";"Ascended Heroes";"ASC";"043";"https://www.cardmarket.com/de/Pokemon/Products/Singles/Ascended-Heroes/Mega-Feraligatr-ex-V1-ASC043?language=3"
"Sniebel";"Ascended Heroes";"ASC";"044";"https://www.cardmarket.com/de/Pokemon/Products/Singles/Ascended-Heroes/Sneasel-ASC044?language=3"
"Snibunna";"Ascended Heroes";"ASC";"045";"https://www.cardmarket.com/de/Pokemon/Products/Singles/Ascended-Heroes/Weavile-V1-ASC045?language=3"
"Schneppke";"Ascended Heroes";"ASC";"046";"https://www.cardmarket.com/de/Pokemon/Products/Singles/Ascended-Heroes/Snorunt-V1-ASC046?language=3"
"Mega Frosdedje ex";"Ascended Heroes";"ASC";"047";"https://www.cardmarket.com/de/Pokemon/Products/Singles/Ascended-Heroes/Mega-Froslass-ex-V1-ASC047?language=3"
"Regice ex";"Ascended Heroes";"ASC";"048";"https://www.cardmarket.com/de/Pokemon/Products/Singles/Ascended-Heroes/Regice-ex-V1-ASC048?language=3"
"Ns Gelatini";"Ascended Heroes";"ASC";"049";"https://www.cardmarket.com/de/Pokemon/Products/Singles/Ascended-Heroes/Ns-Vanillite-ASC049?language=3"
"Ns Gelatroppo";"Ascended Heroes";"ASC";"050";"https://www.cardmarket.com/de/Pokemon/Products/Singles/Ascended-Heroes/Ns-Vanillish-ASC050?language=3"
"Ns Gelatwino";"Ascended Heroes";"ASC";"051";"https://www.cardmarket.com/de/Pokemon/Products/Singles/Ascended-Heroes/Ns-Vanilluxe-ASC051?language=3"
"Snomnom";"Ascended Heroes";"ASC";"052";"https://www.cardmarket.com/de/Pokemon/Products/Singles/Ascended-Heroes/Snom-ASC052?language=3"
"Mottineva";"Ascended Heroes";"ASC";"053";"https://www.cardmarket.com/de/Pokemon/Products/Singles/Ascended-Heroes/Frosmoth-ASC053?language=3"
"Polaross";"Ascended Heroes";"ASC";"054";"https://www.cardmarket.com/de/Pokemon/Products/Singles/Ascended-Heroes/Glastrier-ASC054?language=3"
"Pikachu";"Ascended Heroes";"ASC";"055";"https://www.cardmarket.com/de/Pokemon/Products/Singles/Ascended-Heroes/Pikachu-ASC055?language=3"
"Raichu";"Ascended Heroes";"ASC";"056";"https://www.cardmarket.com/de/Pokemon/Products/Singles/Ascended-Heroes/Raichu-ASC056?language=3"
"Pikachu ex";"Ascended Heroes";"ASC";"057";"https://www.cardmarket.com/de/Pokemon/Products/Singles/Ascended-Heroes/Pikachu-ex-V1-ASC057?language=3"
"Voltobal ex";"Ascended Heroes";"ASC";"058";"https://www.cardmarket.com/de/Pokemon/Products/Singles/Ascended-Heroes/Voltorb-ex-V1-ASC058?language=3"
"Zapplardin";"Ascended Heroes";"ASC";"059";"https://www.cardmarket.com/de/Pokemon/Products/Singles/Ascended-Heroes/Tynamo-ASC059?language=3"
"Zapplalek";"Ascended Heroes";"ASC";"060";"https://www.cardmarket.com/de/Pokemon/Products/Singles/Ascended-Heroes/Eelektrik-ASC060?language=3"
"Mega Zapplarang ex";"Ascended Heroes";"ASC";"061";"https://www.cardmarket.com/de/Pokemon/Products/Singles/Ascended-Heroes/Mega-Eelektross-ex-V1-ASC061?language=3"
"Flunschlik";"Ascended Heroes";"ASC";"062";"https://www.cardmarket.com/de/Pokemon/Products/Singles/Ascended-Heroes/Stunfisk-ASC062?language=3"
"Eguana";"Ascended Heroes";"ASC";"063";"https://www.cardmarket.com/de/Pokemon/Products/Singles/Ascended-Heroes/Helioptile-ASC063?language=3"
"Elezard";"Ascended Heroes";"ASC";"064";"https://www.cardmarket.com/de/Pokemon/Products/Singles/Ascended-Heroes/Heliolisk-V1-ASC064?language=3"
"Akkup";"Ascended Heroes";"ASC";"065";"https://www.cardmarket.com/de/Pokemon/Products/Singles/Ascended-Heroes/Charjabug-ASC065?language=3"
"Donarion";"Ascended Heroes";"ASC";"066";"https://www.cardmarket.com/de/Pokemon/Products/Singles/Ascended-Heroes/Vikavolt-V1-ASC066?language=3"
"Kapu-Riki";"Ascended Heroes";"ASC";"067";"https://www.cardmarket.com/de/Pokemon/Products/Singles/Ascended-Heroes/Tapu-Koko-ASC067?language=3"
"Hops Britzigel ex";"Ascended Heroes";"ASC";"068";"https://www.cardmarket.com/de/Pokemon/Products/Singles/Ascended-Heroes/Hops-Pincurchin-ex-ASC068?language=3"
"Enigmaras Blipp";"Ascended Heroes";"ASC";"069";"https://www.cardmarket.com/de/Pokemon/Products/Singles/Ascended-Heroes/Ionos-Tadbulb-ASC069?language=3"
"Enigmaras Wampitz ex";"Ascended Heroes";"ASC";"070";"https://www.cardmarket.com/de/Pokemon/Products/Singles/Ascended-Heroes/Ionos-Bellibolt-ex-V1-ASC070?language=3"
"Enigmaras Voltrel";"Ascended Heroes";"ASC";"071";"https://www.cardmarket.com/de/Pokemon/Products/Singles/Ascended-Heroes/Ionos-Wattrel-V1-ASC071?language=3"
"Enigmaras Voltrean";"Ascended Heroes";"ASC";"072";"https://www.cardmarket.com/de/Pokemon/Products/Singles/Ascended-Heroes/Ionos-Kilowattrel-ASC072?language=3"
"Miraidon ex";"Ascended Heroes";"ASC";"073";"https://www.cardmarket.com/de/Pokemon/Products/Singles/Ascended-Heroes/Miraidon-ex-ASC073?language=3"
"Piepi";"Ascended Heroes";"ASC";"074";"https://www.cardmarket.com/de/Pokemon/Products/Singles/Ascended-Heroes/Clefairy-ASC074?language=3"
"Pixi";"Ascended Heroes";"ASC";"075";"https://www.cardmarket.com/de/Pokemon/Products/Singles/Ascended-Heroes/Clefable-ASC075?language=3"
"Lillys Piepi ex";"Ascended Heroes";"ASC";"076";"https://www.cardmarket.com/de/Pokemon/Products/Singles/Ascended-Heroes/Lillies-Clefairy-ex-V1-ASC076?language=3"
"Team Rockets Owei";"Ascended Heroes";"ASC";"077";"https://www.cardmarket.com/de/Pokemon/Products/Singles/Ascended-Heroes/Team-Rockets-Exeggcute-ASC077?language=3"
"Team Rockets Kokowei";"Ascended Heroes";"ASC";"078";"https://www.cardmarket.com/de/Pokemon/Products/Singles/Ascended-Heroes/Team-Rockets-Exeggutor-ASC078?language=3"
"Team Rockets Mewtu ex";"Ascended Heroes";"ASC";"079";"https://www.cardmarket.com/de/Pokemon/Products/Singles/Ascended-Heroes/Team-Rockets-Mewtwo-ex-V1-ASC079?language=3"
"Togepi";"Ascended Heroes";"ASC";"080";"https://www.cardmarket.com/de/Pokemon/Products/Singles/Ascended-Heroes/Togepi-ASC080?language=3"
"Togetic";"Ascended Heroes";"ASC";"081";"https://www.cardmarket.com/de/Pokemon/Products/Singles/Ascended-Heroes/Togetic-ASC081?language=3"
"Togekiss";"Ascended Heroes";"ASC";"082";"https://www.cardmarket.com/de/Pokemon/Products/Singles/Ascended-Heroes/Togekiss-V1-ASC082?language=3"
"Marill";"Ascended Heroes";"ASC";"083";"https://www.cardmarket.com/de/Pokemon/Products/Singles/Ascended-Heroes/Marill-V1-ASC083?language=3"
"Azumarill ex";"Ascended Heroes";"ASC";"084";"https://www.cardmarket.com/de/Pokemon/Products/Singles/Ascended-Heroes/Azumarill-ex-ASC084?language=3"
"Traunfugil";"Ascended Heroes";"ASC";"085";"https://www.cardmarket.com/de/Pokemon/Products/Singles/Ascended-Heroes/Misdreavus-V1-ASC085?language=3"
"Traunmagil";"Ascended Heroes";"ASC";"086";"https://www.cardmarket.com/de/Pokemon/Products/Singles/Ascended-Heroes/Mismagius-ASC086?language=3"
"Trasla";"Ascended Heroes";"ASC";"087";"https://www.cardmarket.com/de/Pokemon/Products/Singles/Ascended-Heroes/Ralts-ASC087?language=3"
"Kirlia";"Ascended Heroes";"ASC";"088";"https://www.cardmarket.com/de/Pokemon/Products/Singles/Ascended-Heroes/Kirlia-ASC088?language=3"
"Mega Guardevoir ex";"Ascended Heroes";"ASC";"089";"https://www.cardmarket.com/de/Pokemon/Products/Singles/Ascended-Heroes/Mega-Gardevoir-ex-ASC089?language=3"
"Shuppet";"Ascended Heroes";"ASC";"090";"https://www.cardmarket.com/de/Pokemon/Products/Singles/Ascended-Heroes/Shuppet-ASC090?language=3"
"Banette";"Ascended Heroes";"ASC";"091";"https://www.cardmarket.com/de/Pokemon/Products/Singles/Ascended-Heroes/Banette-V1-ASC091?language=3"
"Rotom";"Ascended Heroes";"ASC";"092";"https://www.cardmarket.com/de/Pokemon/Products/Singles/Ascended-Heroes/Rotom-ASC092?language=3"
"Flauschling";"Ascended Heroes";"ASC";"093";"https://www.cardmarket.com/de/Pokemon/Products/Singles/Ascended-Heroes/Swirlix-ASC093?language=3"
"Sabbaione";"Ascended Heroes";"ASC";"094";"https://www.cardmarket.com/de/Pokemon/Products/Singles/Ascended-Heroes/Slurpuff-V1-ASC094?language=3"
"Hops Paragoni";"Ascended Heroes";"ASC";"095";"https://www.cardmarket.com/de/Pokemon/Products/Singles/Ascended-Heroes/Hops-Phantump-ASC095?language=3"
"Hops Trombork";"Ascended Heroes";"ASC";"096";"https://www.cardmarket.com/de/Pokemon/Products/Singles/Ascended-Heroes/Hops-Trevenant-V1-ASC096?language=3"
"Team Rockets Mimigma";"Ascended Heroes";"ASC";"097";"https://www.cardmarket.com/de/Pokemon/Products/Singles/Ascended-Heroes/Team-Rockets-Mimikyu-V1-ASC097?language=3"
"Phantoross";"Ascended Heroes";"ASC";"098";"https://www.cardmarket.com/de/Pokemon/Products/Singles/Ascended-Heroes/Spectrier-ASC098?language=3"
"Benesaru";"Ascended Heroes";"ASC";"099";"https://www.cardmarket.com/de/Pokemon/Products/Singles/Ascended-Heroes/Munkidori-ASC099?language=3"
"Team Rockets Digda";"Ascended Heroes";"ASC";"100";"https://www.cardmarket.com/de/Pokemon/Products/Singles/Ascended-Heroes/Team-Rockets-Diglett-ASC100?language=3"
"Team Rockets Digdri";"Ascended Heroes";"ASC";"101";"https://www.cardmarket.com/de/Pokemon/Products/Singles/Ascended-Heroes/Team-Rockets-Dugtrio-V1-ASC101?language=3"
"Kapoera";"Ascended Heroes";"ASC";"102";"https://www.cardmarket.com/de/Pokemon/Products/Singles/Ascended-Heroes/Hitmontop-V1-ASC102?language=3"
"Meditie";"Ascended Heroes";"ASC";"103";"https://www.cardmarket.com/de/Pokemon/Products/Singles/Ascended-Heroes/Meditite-ASC103?language=3"
"Meditalis";"Ascended Heroes";"ASC";"104";"https://www.cardmarket.com/de/Pokemon/Products/Singles/Ascended-Heroes/Medicham-V1-ASC104?language=3"
"Lunastein";"Ascended Heroes";"ASC";"105";"https://www.cardmarket.com/de/Pokemon/Products/Singles/Ascended-Heroes/Lunatone-ASC105?language=3"
"Sonnfel";"Ascended Heroes";"ASC";"106";"https://www.cardmarket.com/de/Pokemon/Products/Singles/Ascended-Heroes/Solrock-ASC106?language=3"
"Regirock ex";"Ascended Heroes";"ASC";"107";"https://www.cardmarket.com/de/Pokemon/Products/Singles/Ascended-Heroes/Regirock-ex-ASC107?language=3"
"Groudon";"Ascended Heroes";"ASC";"108";"https://www.cardmarket.com/de/Pokemon/Products/Singles/Ascended-Heroes/Groudon-ASC108?language=3"
"Cynthias Kaumalat";"Ascended Heroes";"ASC";"109";"https://www.cardmarket.com/de/Pokemon/Products/Singles/Ascended-Heroes/Cynthias-Gible-ASC109?language=3"
"Cynthias Knarksel";"Ascended Heroes";"ASC";"110";"https://www.cardmarket.com/de/Pokemon/Products/Singles/Ascended-Heroes/Cynthias-Gabite-ASC110?language=3"
"Cynthias Knakrack ex";"Ascended Heroes";"ASC";"111";"https://www.cardmarket.com/de/Pokemon/Products/Singles/Ascended-Heroes/Cynthias-Garchomp-ex-ASC111?language=3"
"Riolu";"Ascended Heroes";"ASC";"112";"https://www.cardmarket.com/de/Pokemon/Products/Singles/Ascended-Heroes/Riolu-ASC112?language=3"
"Mega Lucario ex";"Ascended Heroes";"ASC";"113";"https://www.cardmarket.com/de/Pokemon/Products/Singles/Ascended-Heroes/Mega-Lucario-ex-ASC113?language=3"
"Flunschlik ex";"Ascended Heroes";"ASC";"114";"https://www.cardmarket.com/de/Pokemon/Products/Singles/Ascended-Heroes/Stunfisk-ex-V1-ASC114?language=3"
"Pam-Pam";"Ascended Heroes";"ASC";"115";"https://www.cardmarket.com/de/Pokemon/Products/Singles/Ascended-Heroes/Pancham-ASC115?language=3"
"Mega Resladero ex";"Ascended Heroes";"ASC";"116";"https://www.cardmarket.com/de/Pokemon/Products/Singles/Ascended-Heroes/Mega-Hawlucha-ex-V1-ASC116?language=3"
"Rocara";"Ascended Heroes";"ASC";"117";"https://www.cardmarket.com/de/Pokemon/Products/Singles/Ascended-Heroes/Carbink-V1-ASC117?language=3"
"Klonkett";"Ascended Heroes";"ASC";"118";"https://www.cardmarket.com/de/Pokemon/Products/Singles/Ascended-Heroes/Rolycoly-ASC118?language=3"
"Wagong";"Ascended Heroes";"ASC";"119";"https://www.cardmarket.com/de/Pokemon/Products/Singles/Ascended-Heroes/Carkol-ASC119?language=3"
"Montecarbo";"Ascended Heroes";"ASC";"120";"https://www.cardmarket.com/de/Pokemon/Products/Singles/Ascended-Heroes/Coalossal-ASC120?language=3"
"Koraidon ex";"Ascended Heroes";"ASC";"121";"https://www.cardmarket.com/de/Pokemon/Products/Singles/Ascended-Heroes/Koraidon-ex-ASC121?language=3"
"Boninu";"Ascended Heroes";"ASC";"122";"https://www.cardmarket.com/de/Pokemon/Products/Singles/Ascended-Heroes/Okidogi-ASC122?language=3"
"Nebulak";"Ascended Heroes";"ASC";"123";"https://www.cardmarket.com/de/Pokemon/Products/Singles/Ascended-Heroes/Gastly-ASC123?language=3"
"Alpollo";"Ascended Heroes";"ASC";"124";"https://www.cardmarket.com/de/Pokemon/Products/Singles/Ascended-Heroes/Haunter-ASC124?language=3"
"Mega Gengar ex";"Ascended Heroes";"ASC";"125";"https://www.cardmarket.com/de/Pokemon/Products/Singles/Ascended-Heroes/Mega-Gengar-ex-V1-ASC125?language=3"
"Team Rockets Kramurx";"Ascended Heroes";"ASC";"126";"https://www.cardmarket.com/de/Pokemon/Products/Singles/Ascended-Heroes/Team-Rockets-Murkrow-ASC126?language=3"
"Team Rockets Kramshef";"Ascended Heroes";"ASC";"127";"https://www.cardmarket.com/de/Pokemon/Products/Singles/Ascended-Heroes/Team-Rockets-Honchkrow-ASC127?language=3"
"Fiffyen";"Ascended Heroes";"ASC";"128";"https://www.cardmarket.com/de/Pokemon/Products/Singles/Ascended-Heroes/Poochyena-ASC128?language=3"
"Magnayen";"Ascended Heroes";"ASC";"129";"https://www.cardmarket.com/de/Pokemon/Products/Singles/Ascended-Heroes/Mightyena-V1-ASC129?language=3"
"Galar-Zigzachs";"Ascended Heroes";"ASC";"130";"https://www.cardmarket.com/de/Pokemon/Products/Singles/Ascended-Heroes/Galarian-Zigzagoon-ASC130?language=3"
"Galar-Geradaks";"Ascended Heroes";"ASC";"131";"https://www.cardmarket.com/de/Pokemon/Products/Singles/Ascended-Heroes/Galarian-Linoone-ASC131?language=3"
"Galar-Barrikadax";"Ascended Heroes";"ASC";"132";"https://www.cardmarket.com/de/Pokemon/Products/Singles/Ascended-Heroes/Galarian-Obstagoon-V1-ASC132?language=3"
"Cynthias Kryppuk";"Ascended Heroes";"ASC";"133";"https://www.cardmarket.com/de/Pokemon/Products/Singles/Ascended-Heroes/Cynthias-Spiritomb-V1-ASC133?language=3"
"Zurrokex";"Ascended Heroes";"ASC";"134";"https://www.cardmarket.com/de/Pokemon/Products/Singles/Ascended-Heroes/Scraggy-ASC134?language=3"
"Mega Irokex ex";"Ascended Heroes";"ASC";"135";"https://www.cardmarket.com/de/Pokemon/Products/Singles/Ascended-Heroes/Mega-Scrafty-ex-V1-ASC135?language=3"
"Ns Zorua";"Ascended Heroes";"ASC";"136";"https://www.cardmarket.com/de/Pokemon/Products/Singles/Ascended-Heroes/Ns-Zorua-ASC136?language=3"
"Ns Zoroark ex";"Ascended Heroes";"ASC";"137";"https://www.cardmarket.com/de/Pokemon/Products/Singles/Ascended-Heroes/Ns-Zoroark-ex-V1-ASC137?language=3"
"Skallyk";"Ascended Heroes";"ASC";"138";"https://www.cardmarket.com/de/Pokemon/Products/Singles/Ascended-Heroes/Vullaby-ASC138?language=3"
"Grypheldis ex";"Ascended Heroes";"ASC";"139";"https://www.cardmarket.com/de/Pokemon/Products/Singles/Ascended-Heroes/Mandibuzz-ex-ASC139?language=3"
"Pandagro";"Ascended Heroes";"ASC";"140";"https://www.cardmarket.com/de/Pokemon/Products/Singles/Ascended-Heroes/Pangoro-ASC140?language=3"
"Hoopa";"Ascended Heroes";"ASC";"141";"https://www.cardmarket.com/de/Pokemon/Products/Singles/Ascended-Heroes/Hoopa-ASC141?language=3"
"Beatori ex";"Ascended Heroes";"ASC";"142";"https://www.cardmarket.com/de/Pokemon/Products/Singles/Ascended-Heroes/Fezandipiti-ex-V1-ASC142?language=3"
"Infamomo";"Ascended Heroes";"ASC";"143";"https://www.cardmarket.com/de/Pokemon/Products/Singles/Ascended-Heroes/Pecharunt-ASC143?language=3"
"Flunkifer";"Ascended Heroes";"ASC";"144";"https://www.cardmarket.com/de/Pokemon/Products/Singles/Ascended-Heroes/Mawile-V1-ASC144?language=3"
"Registeel ex";"Ascended Heroes";"ASC";"145";"https://www.cardmarket.com/de/Pokemon/Products/Singles/Ascended-Heroes/Registeel-ex-ASC145?language=3"
"Gladiantri";"Ascended Heroes";"ASC";"146";"https://www.cardmarket.com/de/Pokemon/Products/Singles/Ascended-Heroes/Pawniard-ASC146?language=3"
"Caesurio";"Ascended Heroes";"ASC";"147";"https://www.cardmarket.com/de/Pokemon/Products/Singles/Ascended-Heroes/Bisharp-ASC147?language=3"
"Gladimperio";"Ascended Heroes";"ASC";"148";"https://www.cardmarket.com/de/Pokemon/Products/Singles/Ascended-Heroes/Kingambit-ASC148?language=3"
"Togedemaru ex";"Ascended Heroes";"ASC";"149";"https://www.cardmarket.com/de/Pokemon/Products/Singles/Ascended-Heroes/Togedemaru-ex-ASC149?language=3"
"Dratini";"Ascended Heroes";"ASC";"150";"https://www.cardmarket.com/de/Pokemon/Products/Singles/Ascended-Heroes/Dratini-ASC150?language=3"
"Dragonir";"Ascended Heroes";"ASC";"151";"https://www.cardmarket.com/de/Pokemon/Products/Singles/Ascended-Heroes/Dragonair-ASC151?language=3"
"Mega Dragoran ex";"Ascended Heroes";"ASC";"152";"https://www.cardmarket.com/de/Pokemon/Products/Singles/Ascended-Heroes/Mega-Dragonite-ex-V1-ASC152?language=3"
"Rayquaza";"Ascended Heroes";"ASC";"153";"https://www.cardmarket.com/de/Pokemon/Products/Singles/Ascended-Heroes/Rayquaza-ASC153?language=3"
"Ns Reshiram";"Ascended Heroes";"ASC";"154";"https://www.cardmarket.com/de/Pokemon/Products/Singles/Ascended-Heroes/Ns-Reshiram-ASC154?language=3"
"Ns Zekrom";"Ascended Heroes";"ASC";"155";"https://www.cardmarket.com/de/Pokemon/Products/Singles/Ascended-Heroes/Ns-Zekrom-V1-ASC155?language=3"
"eF-eM";"Ascended Heroes";"ASC";"156";"https://www.cardmarket.com/de/Pokemon/Products/Singles/Ascended-Heroes/Noibat-ASC156?language=3"
"UHaFnir";"Ascended Heroes";"ASC";"157";"https://www.cardmarket.com/de/Pokemon/Products/Singles/Ascended-Heroes/Noivern-ASC157?language=3"
"Grolldra";"Ascended Heroes";"ASC";"158";"https://www.cardmarket.com/de/Pokemon/Products/Singles/Ascended-Heroes/Dreepy-V1-ASC158?language=3"
"Phandra";"Ascended Heroes";"ASC";"159";"https://www.cardmarket.com/de/Pokemon/Products/Singles/Ascended-Heroes/Drakloak-V1-ASC159?language=3"
"Katapuldra ex";"Ascended Heroes";"ASC";"160";"https://www.cardmarket.com/de/Pokemon/Products/Singles/Ascended-Heroes/Dragapult-ex-ASC160?language=3"
"Team Rockets Mauzi";"Ascended Heroes";"ASC";"161";"https://www.cardmarket.com/de/Pokemon/Products/Singles/Ascended-Heroes/Team-Rockets-Meowth-ASC161?language=3"
"Team Rockets Kangama ex";"Ascended Heroes";"ASC";"162";"https://www.cardmarket.com/de/Pokemon/Products/Singles/Ascended-Heroes/Team-Rockets-Kangaskhan-ex-ASC162?language=3"
"Aokis Dummisel";"Ascended Heroes";"ASC";"163";"https://www.cardmarket.com/de/Pokemon/Products/Singles/Ascended-Heroes/Larrys-Dunsparce-ASC163?language=3"
"Aokis Dummimisel ex";"Ascended Heroes";"ASC";"164";"https://www.cardmarket.com/de/Pokemon/Products/Singles/Ascended-Heroes/Larrys-Dudunsparce-ex-ASC164?language=3"
"Eneco";"Ascended Heroes";"ASC";"165";"https://www.cardmarket.com/de/Pokemon/Products/Singles/Ascended-Heroes/Skitty-ASC165?language=3"
"Enekoro";"Ascended Heroes";"ASC";"166";"https://www.cardmarket.com/de/Pokemon/Products/Singles/Ascended-Heroes/Delcatty-ASC166?language=3"
"Sengo ex";"Ascended Heroes";"ASC";"167";"https://www.cardmarket.com/de/Pokemon/Products/Singles/Ascended-Heroes/Zangoose-ex-ASC167?language=3"
"Aokis Staralili";"Ascended Heroes";"ASC";"168";"https://www.cardmarket.com/de/Pokemon/Products/Singles/Ascended-Heroes/Larrys-Starly-ASC168?language=3"
"Aokis Staravia";"Ascended Heroes";"ASC";"169";"https://www.cardmarket.com/de/Pokemon/Products/Singles/Ascended-Heroes/Larrys-Staravia-ASC169?language=3"
"Aokis Staraptor";"Ascended Heroes";"ASC";"170";"https://www.cardmarket.com/de/Pokemon/Products/Singles/Ascended-Heroes/Larrys-Staraptor-V1-ASC170?language=3"
"Wirbel-Rotom";"Ascended Heroes";"ASC";"171";"https://www.cardmarket.com/de/Pokemon/Products/Singles/Ascended-Heroes/Fan-Rotom-V1-ASC171?language=3"
"Mega Ohrdoch ex";"Ascended Heroes";"ASC";"172";"https://www.cardmarket.com/de/Pokemon/Products/Singles/Ascended-Heroes/Mega-Audino-ex-V1-ASC172?language=3"
"Aokis Geronimatz";"Ascended Heroes";"ASC";"173";"https://www.cardmarket.com/de/Pokemon/Products/Singles/Ascended-Heroes/Larrys-Rufflet-ASC173?language=3"
"Aokis Washakwil";"Ascended Heroes";"ASC";"174";"https://www.cardmarket.com/de/Pokemon/Products/Singles/Ascended-Heroes/Larrys-Braviary-ASC174?language=3"
"Aokis Koalelu";"Ascended Heroes";"ASC";"175";"https://www.cardmarket.com/de/Pokemon/Products/Singles/Ascended-Heroes/Larrys-Komala-ASC175?language=3"
"Sen-Long";"Ascended Heroes";"ASC";"176";"https://www.cardmarket.com/de/Pokemon/Products/Singles/Ascended-Heroes/Drampa-ASC176?language=3"
"Hops Urgl";"Ascended Heroes";"ASC";"177";"https://www.cardmarket.com/de/Pokemon/Products/Singles/Ascended-Heroes/Hops-Cramorant-ASC177?language=3"
"Terapagos";"Ascended Heroes";"ASC";"178";"https://www.cardmarket.com/de/Pokemon/Products/Singles/Ascended-Heroes/Terapagos-ASC178?language=3"
"Terapagos ex";"Ascended Heroes";"ASC";"179";"https://www.cardmarket.com/de/Pokemon/Products/Singles/Ascended-Heroes/Terapagos-ex-ASC179?language=3"
"Lolas Schabernack";"Ascended Heroes";"ASC";"180";"https://www.cardmarket.com/de/Pokemon/Products/Singles/Ascended-Heroes/Acerolas-Mischief-ASC180?language=3"
"Luftballon";"Ascended Heroes";"ASC";"181";"https://www.cardmarket.com/de/Pokemon/Products/Singles/Ascended-Heroes/Air-Balloon-ASC181?language=3"
"Minna & Elfriede";"Ascended Heroes";"ASC";"182";"https://www.cardmarket.com/de/Pokemon/Products/Singles/Ascended-Heroes/Anthea-Concordia-V1-ASC182?language=3"
"Befehl vom Boss - Ravan";"Ascended Heroes";"ASC";"183";"https://www.cardmarket.com/de/Pokemon/Products/Singles/Ascended-Heroes/Bosss-Orders-Corbeau-V1-ASC183?language=3"
"Dicke-Freunde-Knursp";"Ascended Heroes";"ASC";"184";"https://www.cardmarket.com/de/Pokemon/Products/Singles/Ascended-Heroes/Buddy-Buddy-Poffin-ASC184?language=3"
"Canary";"Ascended Heroes";"ASC";"185";"https://www.cardmarket.com/de/Pokemon/Products/Singles/Ascended-Heroes/Canari-V1-ASC185?language=3"
"Kontergewinn";"Ascended Heroes";"ASC";"186";"https://www.cardmarket.com/de/Pokemon/Products/Singles/Ascended-Heroes/Counter-Gain-V1-ASC186?language=3"
"Kampfgong";"Ascended Heroes";"ASC";"187";"https://www.cardmarket.com/de/Pokemon/Products/Singles/Ascended-Heroes/Fighting-Gong-ASC187?language=3"
"Wald der Vitalität";"Ascended Heroes";"ASC";"188";"https://www.cardmarket.com/de/Pokemon/Products/Singles/Ascended-Heroes/Forest-of-Vitality-ASC188?language=3"
"Glastrompete";"Ascended Heroes";"ASC";"189";"https://www.cardmarket.com/de/Pokemon/Products/Singles/Ascended-Heroes/Glass-Trumpet-V1-ASC189?language=3"
"Lilias Kampfgeist";"Ascended Heroes";"ASC";"190";"https://www.cardmarket.com/de/Pokemon/Products/Singles/Ascended-Heroes/Iriss-Fighting-Spirit-V1-ASC190?language=3"
"Kugelblitz";"Ascended Heroes";"ASC";"191";"https://www.cardmarket.com/de/Pokemon/Products/Singles/Ascended-Heroes/Light-Ball-ASC191?language=3"
"Lillys Entschlossenheit";"Ascended Heroes";"ASC";"192";"https://www.cardmarket.com/de/Pokemon/Products/Singles/Ascended-Heroes/Lillies-Determination-ASC192?language=3"
"Mega-Signal";"Ascended Heroes";"ASC";"193";"https://www.cardmarket.com/de/Pokemon/Products/Singles/Ascended-Heroes/Mega-Signal-ASC193?language=3"
"Geheimnisvoller Garten";"Ascended Heroes";"ASC";"194";"https://www.cardmarket.com/de/Pokemon/Products/Singles/Ascended-Heroes/Mystery-Garden-ASC194?language=3"
"Ns AP-Plus";"Ascended Heroes";"ASC";"195";"https://www.cardmarket.com/de/Pokemon/Products/Singles/Ascended-Heroes/Ns-PP-Up-V1-ASC195?language=3"
"Nachttrage";"Ascended Heroes";"ASC";"196";"https://www.cardmarket.com/de/Pokemon/Products/Singles/Ascended-Heroes/Night-Stretcher-ASC196?language=3"
"Nachtmine";"Ascended Heroes";"ASC";"197";"https://www.cardmarket.com/de/Pokemon/Products/Singles/Ascended-Heroes/Nighttime-Mine-ASC197?language=3"
"Poképad";"Ascended Heroes";"ASC";"198";"https://www.cardmarket.com/de/Pokemon/Products/Singles/Ascended-Heroes/Poke-Pad-ASC198?language=3"
"Premium Power Pro";"Ascended Heroes";"ASC";"199";"https://www.cardmarket.com/de/Pokemon/Products/Singles/Ascended-Heroes/Premium-Power-Pro-ASC199?language=3"
"Surfer";"Ascended Heroes";"ASC";"200";"https://www.cardmarket.com/de/Pokemon/Products/Singles/Ascended-Heroes/Surfer-V1-ASC200?language=3"
"Team Rockets Atlas";"Ascended Heroes";"ASC";"201";"https://www.cardmarket.com/de/Pokemon/Products/Singles/Ascended-Heroes/Team-Rockets-Archer-ASC201?language=3"
"Team Rockets Athena";"Ascended Heroes";"ASC";"202";"https://www.cardmarket.com/de/Pokemon/Products/Singles/Ascended-Heroes/Team-Rockets-Ariana-ASC202?language=3"
"Team Rockets Fabrik";"Ascended Heroes";"ASC";"203";"https://www.cardmarket.com/de/Pokemon/Products/Singles/Ascended-Heroes/Team-Rockets-Factory-ASC203?language=3"
"Team Rockets Giovanni";"Ascended Heroes";"ASC";"204";"https://www.cardmarket.com/de/Pokemon/Products/Singles/Ascended-Heroes/Team-Rockets-Giovanni-ASC204?language=3"
"Team Rockets Superball";"Ascended Heroes";"ASC";"205";"https://www.cardmarket.com/de/Pokemon/Products/Singles/Ascended-Heroes/Team-Rockets-Great-Ball-ASC205?language=3"
"Team Rockets Hypnotizer";"Ascended Heroes";"ASC";"206";"https://www.cardmarket.com/de/Pokemon/Products/Singles/Ascended-Heroes/Team-Rockets-Hypnotizer-ASC206?language=3"
"Team Rockets Lambda";"Ascended Heroes";"ASC";"207";"https://www.cardmarket.com/de/Pokemon/Products/Singles/Ascended-Heroes/Team-Rockets-Petrel-ASC207?language=3"
"Team Rockets Lance";"Ascended Heroes";"ASC";"208";"https://www.cardmarket.com/de/Pokemon/Products/Singles/Ascended-Heroes/Team-Rockets-Proton-ASC208?language=3"
"Team Rockets Transceiver";"Ascended Heroes";"ASC";"209";"https://www.cardmarket.com/de/Pokemon/Products/Singles/Ascended-Heroes/Team-Rockets-Transceiver-V1-ASC209?language=3"
"Team Rockets Wachturm";"Ascended Heroes";"ASC";"210";"https://www.cardmarket.com/de/Pokemon/Products/Singles/Ascended-Heroes/Team-Rockets-Watchtower-ASC210?language=3"
"Harte Schuppe";"Ascended Heroes";"ASC";"211";"https://www.cardmarket.com/de/Pokemon/Products/Singles/Ascended-Heroes/Thick-Scale-ASC211?language=3"
"Ausrüstungsentsorger";"Ascended Heroes";"ASC";"212";"https://www.cardmarket.com/de/Pokemon/Products/Singles/Ascended-Heroes/Tool-Scrapper-ASC212?language=3"
"Hyperball";"Ascended Heroes";"ASC";"213";"https://www.cardmarket.com/de/Pokemon/Products/Singles/Ascended-Heroes/Ultra-Ball-V1-ASC213?language=3"
"Alton";"Ascended Heroes";"ASC";"214";"https://www.cardmarket.com/de/Pokemon/Products/Singles/Ascended-Heroes/Urbain-ASC214?language=3"
"Serviererin";"Ascended Heroes";"ASC";"215";"https://www.cardmarket.com/de/Pokemon/Products/Singles/Ascended-Heroes/Waitress-ASC215?language=3"
"Prisma-Energie";"Ascended Heroes";"ASC";"216";"https://www.cardmarket.com/de/Pokemon/Products/Singles/Ascended-Heroes/Prism-Energy-ASC216?language=3"
"Team Rockets Energie";"Ascended Heroes";"ASC";"217";"https://www.cardmarket.com/de/Pokemon/Products/Singles/Ascended-Heroes/Team-Rockets-Energy-ASC217?language=3"
"Erikas Tangela";"Ascended Heroes";"ASC";"218";"https://www.cardmarket.com/de/Pokemon/Products/Singles/Ascended-Heroes/Erikas-Tangela-V2-ASC218?language=3"
"Papinella";"Ascended Heroes";"ASC";"219";"https://www.cardmarket.com/de/Pokemon/Products/Singles/Ascended-Heroes/Beautifly-V2-ASC219?language=3"
"Pudox";"Ascended Heroes";"ASC";"220";"https://www.cardmarket.com/de/Pokemon/Products/Singles/Ascended-Heroes/Dustox-V2-ASC220?language=3"
"Knospi";"Ascended Heroes";"ASC";"221";"https://www.cardmarket.com/de/Pokemon/Products/Singles/Ascended-Heroes/Budew-V2-ASC221?language=3"
"Klarins Magcargo";"Ascended Heroes";"ASC";"222";"https://www.cardmarket.com/de/Pokemon/Products/Singles/Ascended-Heroes/Ethans-Magcargo-V2-ASC222?language=3"
"Camaub";"Ascended Heroes";"ASC";"223";"https://www.cardmarket.com/de/Pokemon/Products/Singles/Ascended-Heroes/Numel-V2-ASC223?language=3"
"Amfira";"Ascended Heroes";"ASC";"224";"https://www.cardmarket.com/de/Pokemon/Products/Singles/Ascended-Heroes/Salazzle-V2-ASC224?language=3"
"Hopplo";"Ascended Heroes";"ASC";"225";"https://www.cardmarket.com/de/Pokemon/Products/Singles/Ascended-Heroes/Scorbunny-V2-ASC225?language=3"
"Enton";"Ascended Heroes";"ASC";"226";"https://www.cardmarket.com/de/Pokemon/Products/Singles/Ascended-Heroes/Psyduck-V2-ASC226?language=3"
"Schneppke";"Ascended Heroes";"ASC";"227";"https://www.cardmarket.com/de/Pokemon/Products/Singles/Ascended-Heroes/Snorunt-V2-ASC227?language=3"
"Snibunna";"Ascended Heroes";"ASC";"228";"https://www.cardmarket.com/de/Pokemon/Products/Singles/Ascended-Heroes/Weavile-V2-ASC228?language=3"
"Elezard";"Ascended Heroes";"ASC";"229";"https://www.cardmarket.com/de/Pokemon/Products/Singles/Ascended-Heroes/Heliolisk-V2-ASC229?language=3"
"Donarion";"Ascended Heroes";"ASC";"230";"https://www.cardmarket.com/de/Pokemon/Products/Singles/Ascended-Heroes/Vikavolt-V2-ASC230?language=3"
"Enigmaras Voltrel";"Ascended Heroes";"ASC";"231";"https://www.cardmarket.com/de/Pokemon/Products/Singles/Ascended-Heroes/Ionos-Wattrel-V2-ASC231?language=3"
"Marill";"Ascended Heroes";"ASC";"232";"https://www.cardmarket.com/de/Pokemon/Products/Singles/Ascended-Heroes/Marill-V2-ASC232?language=3"
"Traunfugil";"Ascended Heroes";"ASC";"233";"https://www.cardmarket.com/de/Pokemon/Products/Singles/Ascended-Heroes/Misdreavus-V2-ASC233?language=3"
"Banette";"Ascended Heroes";"ASC";"234";"https://www.cardmarket.com/de/Pokemon/Products/Singles/Ascended-Heroes/Banette-V2-ASC234?language=3"
"Togekiss";"Ascended Heroes";"ASC";"235";"https://www.cardmarket.com/de/Pokemon/Products/Singles/Ascended-Heroes/Togekiss-V2-ASC235?language=3"
"Sabbaione";"Ascended Heroes";"ASC";"236";"https://www.cardmarket.com/de/Pokemon/Products/Singles/Ascended-Heroes/Slurpuff-V2-ASC236?language=3"
"Hops Trombork";"Ascended Heroes";"ASC";"237";"https://www.cardmarket.com/de/Pokemon/Products/Singles/Ascended-Heroes/Hops-Trevenant-V2-ASC237?language=3"
"Team Rockets Mimigma";"Ascended Heroes";"ASC";"238";"https://www.cardmarket.com/de/Pokemon/Products/Singles/Ascended-Heroes/Team-Rockets-Mimikyu-V2-ASC238?language=3"
"Team Rockets Digdri";"Ascended Heroes";"ASC";"239";"https://www.cardmarket.com/de/Pokemon/Products/Singles/Ascended-Heroes/Team-Rockets-Dugtrio-V2-ASC239?language=3"
"Kapoera";"Ascended Heroes";"ASC";"240";"https://www.cardmarket.com/de/Pokemon/Products/Singles/Ascended-Heroes/Hitmontop-V2-ASC240?language=3"
"Meditalis";"Ascended Heroes";"ASC";"241";"https://www.cardmarket.com/de/Pokemon/Products/Singles/Ascended-Heroes/Medicham-V2-ASC241?language=3"
"Rocara";"Ascended Heroes";"ASC";"242";"https://www.cardmarket.com/de/Pokemon/Products/Singles/Ascended-Heroes/Carbink-V2-ASC242?language=3"
"Magnayen";"Ascended Heroes";"ASC";"243";"https://www.cardmarket.com/de/Pokemon/Products/Singles/Ascended-Heroes/Mightyena-V2-ASC243?language=3"
"Cynthias Kryppuk";"Ascended Heroes";"ASC";"244";"https://www.cardmarket.com/de/Pokemon/Products/Singles/Ascended-Heroes/Cynthias-Spiritomb-V2-ASC244?language=3"
"Galar-Barrikadax";"Ascended Heroes";"ASC";"245";"https://www.cardmarket.com/de/Pokemon/Products/Singles/Ascended-Heroes/Galarian-Obstagoon-V2-ASC245?language=3"
"Flunkifer";"Ascended Heroes";"ASC";"246";"https://www.cardmarket.com/de/Pokemon/Products/Singles/Ascended-Heroes/Mawile-V2-ASC246?language=3"
"Grolldra";"Ascended Heroes";"ASC";"247";"https://www.cardmarket.com/de/Pokemon/Products/Singles/Ascended-Heroes/Dreepy-V2-ASC247?language=3"
"Phandra";"Ascended Heroes";"ASC";"248";"https://www.cardmarket.com/de/Pokemon/Products/Singles/Ascended-Heroes/Drakloak-V2-ASC248?language=3"
"Aokis Staraptor";"Ascended Heroes";"ASC";"249";"https://www.cardmarket.com/de/Pokemon/Products/Singles/Ascended-Heroes/Larrys-Staraptor-V2-ASC249?language=3"
"Wirbel-Rotom";"Ascended Heroes";"ASC";"250";"https://www.cardmarket.com/de/Pokemon/Products/Singles/Ascended-Heroes/Fan-Rotom-V2-ASC250?language=3"
"Felori ex";"Ascended Heroes";"ASC";"251";"https://www.cardmarket.com/de/Pokemon/Products/Singles/Ascended-Heroes/Sprigatito-ex-ASC251?language=3"
"Flunschlik ex";"Ascended Heroes";"ASC";"252";"https://www.cardmarket.com/de/Pokemon/Products/Singles/Ascended-Heroes/Stunfisk-ex-V2-ASC252?language=3"
"Mega Ohrdoch ex";"Ascended Heroes";"ASC";"253";"https://www.cardmarket.com/de/Pokemon/Products/Singles/Ascended-Heroes/Mega-Audino-ex-V2-ASC253?language=3"
"Minna & Elfriede";"Ascended Heroes";"ASC";"254";"https://www.cardmarket.com/de/Pokemon/Products/Singles/Ascended-Heroes/Anthea-Concordia-V2-ASC254?language=3"
"Schwarzgurt-Training";"Ascended Heroes";"ASC";"255";"https://www.cardmarket.com/de/Pokemon/Products/Singles/Ascended-Heroes/Black-Belts-Training-ASC255?language=3"
"Befehl vom Boss - Ravan";"Ascended Heroes";"ASC";"256";"https://www.cardmarket.com/de/Pokemon/Products/Singles/Ascended-Heroes/Bosss-Orders-Corbeau-V2-ASC256?language=3"
"Canary";"Ascended Heroes";"ASC";"257";"https://www.cardmarket.com/de/Pokemon/Products/Singles/Ascended-Heroes/Canari-V2-ASC257?language=3"
"Cheren";"Ascended Heroes";"ASC";"258";"https://www.cardmarket.com/de/Pokemon/Products/Singles/Ascended-Heroes/Cheren-ASC258?language=3"
"Kontergewinn";"Ascended Heroes";"ASC";"259";"https://www.cardmarket.com/de/Pokemon/Products/Singles/Ascended-Heroes/Counter-Gain-V2-ASC259?language=3"
"Glastrompete";"Ascended Heroes";"ASC";"260";"https://www.cardmarket.com/de/Pokemon/Products/Singles/Ascended-Heroes/Glass-Trumpet-V2-ASC260?language=3"
"Störturm";"Ascended Heroes";"ASC";"261";"https://www.cardmarket.com/de/Pokemon/Products/Singles/Ascended-Heroes/Jamming-Tower-ASC261?language=3"
"Ns AP-Plus";"Ascended Heroes";"ASC";"262";"https://www.cardmarket.com/de/Pokemon/Products/Singles/Ascended-Heroes/Ns-PP-Up-V2-ASC262?language=3"
"Team Rockets Transceiver";"Ascended Heroes";"ASC";"263";"https://www.cardmarket.com/de/Pokemon/Products/Singles/Ascended-Heroes/Team-Rockets-Transceiver-V2-ASC263?language=3"
"Hyperball";"Ascended Heroes";"ASC";"264";"https://www.cardmarket.com/de/Pokemon/Products/Singles/Ascended-Heroes/Ultra-Ball-V2-ASC264?language=3"
"Mega Frosdedje ex";"Ascended Heroes";"ASC";"265";"https://www.cardmarket.com/de/Pokemon/Products/Singles/Ascended-Heroes/Mega-Froslass-ex-V2-ASC265?language=3"
"Mega Zapplarang ex";"Ascended Heroes";"ASC";"266";"https://www.cardmarket.com/de/Pokemon/Products/Singles/Ascended-Heroes/Mega-Eelektross-ex-V2-ASC266?language=3"
"Mega Diancie ex";"Ascended Heroes";"ASC";"267";"https://www.cardmarket.com/de/Pokemon/Products/Singles/Ascended-Heroes/Mega-Diancie-ex-V1-ASC267?language=3"
"Mega Resladero ex";"Ascended Heroes";"ASC";"268";"https://www.cardmarket.com/de/Pokemon/Products/Singles/Ascended-Heroes/Mega-Hawlucha-ex-V2-ASC268?language=3"
"Mega Gengar ex";"Ascended Heroes";"ASC";"269";"https://www.cardmarket.com/de/Pokemon/Products/Singles/Ascended-Heroes/Mega-Gengar-ex-V2-ASC269?language=3"
"Mega Irokex ex";"Ascended Heroes";"ASC";"270";"https://www.cardmarket.com/de/Pokemon/Products/Singles/Ascended-Heroes/Mega-Scrafty-ex-V2-ASC270?language=3"
"Mega Dragoran ex";"Ascended Heroes";"ASC";"271";"https://www.cardmarket.com/de/Pokemon/Products/Singles/Ascended-Heroes/Mega-Dragonite-ex-V2-ASC271?language=3"
"Mega Meganie ex";"Ascended Heroes";"ASC";"272";"https://www.cardmarket.com/de/Pokemon/Products/Singles/Ascended-Heroes/Mega-Meganium-ex-V2-ASC272?language=3"
"Mega Flambirex ex";"Ascended Heroes";"ASC";"273";"https://www.cardmarket.com/de/Pokemon/Products/Singles/Ascended-Heroes/Mega-Emboar-ex-V2-ASC273?language=3"
"Mega Impergator ex";"Ascended Heroes";"ASC";"274";"https://www.cardmarket.com/de/Pokemon/Products/Singles/Ascended-Heroes/Mega-Feraligatr-ex-V2-ASC274?language=3"
"Mega Frosdedje ex";"Ascended Heroes";"ASC";"275";"https://www.cardmarket.com/de/Pokemon/Products/Singles/Ascended-Heroes/Mega-Froslass-ex-V3-ASC275?language=3"
"Pikachu ex";"Ascended Heroes";"ASC";"276";"https://www.cardmarket.com/de/Pokemon/Products/Singles/Ascended-Heroes/Pikachu-ex-ASC276?language=3"
"Pikachu ex";"Ascended Heroes";"ASC";"277";"https://www.cardmarket.com/de/Pokemon/Products/Singles/Ascended-Heroes/Pikachu-ex-V2-ASC277?language=3"
"Mega Zapplarang ex";"Ascended Heroes";"ASC";"278";"https://www.cardmarket.com/de/Pokemon/Products/Singles/Ascended-Heroes/Mega-Eelektross-ex-V3-ASC278?language=3"
"Enigmaras Wampitz ex";"Ascended Heroes";"ASC";"279";"https://www.cardmarket.com/de/Pokemon/Products/Singles/Ascended-Heroes/Ionos-Bellibolt-ex-V2-ASC279?language=3"
"Lillys Piepi ex";"Ascended Heroes";"ASC";"280";"https://www.cardmarket.com/de/Pokemon/Products/Singles/Ascended-Heroes/Lillies-Clefairy-ex-V2-ASC280?language=3"
"Team Rockets Mewtu ex";"Ascended Heroes";"ASC";"281";"https://www.cardmarket.com/de/Pokemon/Products/Singles/Ascended-Heroes/Team-Rockets-Mewtwo-ex-V2-ASC281?language=3"
"Mega Diancie ex";"Ascended Heroes";"ASC";"282";"https://www.cardmarket.com/de/Pokemon/Products/Singles/Ascended-Heroes/Mega-Diancie-ex-V2-ASC282?language=3"
"Mega Resladero ex";"Ascended Heroes";"ASC";"283";"https://www.cardmarket.com/de/Pokemon/Products/Singles/Ascended-Heroes/Mega-Hawlucha-ex-V3-ASC283?language=3"
"Mega Gengar ex";"Ascended Heroes";"ASC";"284";"https://www.cardmarket.com/de/Pokemon/Products/Singles/Ascended-Heroes/Mega-Gengar-ex-V3-ASC284?language=3"
"Mega Irokex ex";"Ascended Heroes";"ASC";"285";"https://www.cardmarket.com/de/Pokemon/Products/Singles/Ascended-Heroes/Mega-Scrafty-ex-V3-ASC285?language=3"
"Ns Zoroark ex";"Ascended Heroes";"ASC";"286";"https://www.cardmarket.com/de/Pokemon/Products/Singles/Ascended-Heroes/Ns-Zoroark-ex-V2-ASC286?language=3"
"Marys Olangaar ex";"Ascended Heroes";"ASC";"287";"https://www.cardmarket.com/de/Pokemon/Products/Singles/Ascended-Heroes/Marnies-Grimmsnarl-ex-ASC287?language=3"
"Beatori ex";"Ascended Heroes";"ASC";"288";"https://www.cardmarket.com/de/Pokemon/Products/Singles/Ascended-Heroes/Fezandipiti-ex-V2-ASC288?language=3"
"Troys Metagross ex";"Ascended Heroes";"ASC";"289";"https://www.cardmarket.com/de/Pokemon/Products/Singles/Ascended-Heroes/Stevens-Metagross-ex-ASC289?language=3"
"Mega Dragoran ex";"Ascended Heroes";"ASC";"290";"https://www.cardmarket.com/de/Pokemon/Products/Singles/Ascended-Heroes/Mega-Dragonite-ex-V3-ASC290?language=3"
"Canary";"Ascended Heroes";"ASC";"291";"https://www.cardmarket.com/de/Pokemon/Products/Singles/Ascended-Heroes/Canari-V3-ASC292?language=3"
"Lilias Kampfgeist";"Ascended Heroes";"ASC";"292";"https://www.cardmarket.com/de/Pokemon/Products/Singles/Ascended-Heroes/Iriss-Fighting-Spirit-V2-ASC291?language=3"
"Surfer";"Ascended Heroes";"ASC";"293";"https://www.cardmarket.com/de/Pokemon/Products/Singles/Ascended-Heroes/Surfer-V2-ASC293?language=3"
"Mega Glurak Y ex";"Ascended Heroes";"ASC";"294";"https://www.cardmarket.com/de/Pokemon/Products/Singles/Ascended-Heroes/Mega-Charizard-Y-ex-V2-ASC294?language=3"
"Mega Dragoran ex";"Ascended Heroes";"ASC";"295";"https://www.cardmarket.com/de/Pokemon/Products/Singles/Ascended-Heroes/Mega-Dragonite-ex-V4-ASC295?language=3"