id_expansion,detected_product_count,sample_id_product,sample_product_name,source_file,name_en,name_de,slug,series_en,series_de,release_date,card_count,source_url_en,source_url_de,notes
1521,166,271439,Phantom Forces Booster,products_nonsingles_6_2026-07-05.json,,,,,,,,,,
1523,224,271823,Base Set Booster,products_nonsingles_6_2026-07-05.json,,,,,,,,,,
1525,71,271873,Jungle Booster,products_nonsingles_6_2026-07-05.json,,,,,,,,,,
1526,68,271849,Fossil Booster,products_nonsingles_6_2026-07-05.json,,,,,,,,,,
1527,138,271865,Base Set 2 Booster,products_nonsingles_6_2026-07-05.json,,,,,,,,,,
1528,89,271874,Team Rocket Booster,products_nonsingles_6_2026-07-05.json,,,,,,,,,,
1529,140,271872,Gym Heroes Booster,products_nonsingles_6_2026-07-05.json,,,,,,,,,,
1530,139,271850,Gym Challenge Booster,products_nonsingles_6_2026-07-05.json,,,,,,,,,,
1531,118,271855,Neo Genesis Booster,products_nonsingles_6_2026-07-05.json,,,,,,,,,,
1532,79,271876,Neo Discovery Booster,products_nonsingles_6_2026-07-05.json,,,,,,,,,,
1533,68,271856,Neo Revelation Booster,products_nonsingles_6_2026-07-05.json,,,,,,,,,,
1534,117,271854,Neo Destiny Booster,products_nonsingles_6_2026-07-05.json,,,,,,,,,,
1535,119,271853,Legendary Collection Booster,products_nonsingles_6_2026-07-05.json,,,,,,,,,,
1536,173,271871,Expedition Base Set Booster,products_nonsingles_6_2026-07-05.json,,,,,,,,,,
1537,194,271864,Aquapolis Booster,products_nonsingles_6_2026-07-05.json,,,,,,,,,,
1538,190,271860,Skyridge Booster,products_nonsingles_6_2026-07-05.json,,,,,,,,,,
1539,125,271848,EX Ruby & Sapphire Booster,products_nonsingles_6_2026-07-05.json,,,,,,,,,,
1540,109,271885,EX Sandstorm Booster,products_nonsingles_6_2026-07-05.json,,,,,,,,,,
1541,112,271842,EX Dragon Booster,products_nonsingles_6_2026-07-05.json,,,,,,,,,,
1542,104,271877,EX Team Magma vs Team Aqua Booster,products_nonsingles_6_2026-07-05.json,,,,,,,,,,
1543,114,271845,EX Hidden Legends Booster,products_nonsingles_6_2026-07-05.json,,,,,,,,,,
1544,122,271844,EX FireRed & LeafGreen Booster,products_nonsingles_6_2026-07-05.json,,,,,,,,,,
1545,118,271869,EX Team Rocket Returns Booster,products_nonsingles_6_2026-07-05.json,,,,,,,,,,
1546,117,271841,EX Deoxys Booster,products_nonsingles_6_2026-07-05.json,,,,,,,,,,
1547,119,271843,EX Emerald Booster,products_nonsingles_6_2026-07-05.json,,,,,,,,,,
1548,157,271870,EX Unseen Forces Booster,products_nonsingles_6_2026-07-05.json,,,,,,,,,,
1549,121,271840,EX Delta Species Booster,products_nonsingles_6_2026-07-05.json,,,,,,,,,,
1550,106,271868,EX Legend Maker Booster,products_nonsingles_6_2026-07-05.json,,,,,,,,,,
1551,118,271846,EX Holon Phantoms Booster,products_nonsingles_6_2026-07-05.json,,,,,,,,,,
1552,113,271839,EX Crystal Guardians Booster,products_nonsingles_6_2026-07-05.json,,,,,,,,,,
1553,110,271883,EX Dragon Frontiers Booster,products_nonsingles_6_2026-07-05.json,,,,,,,,,,
1554,115,271847,EX Power Keepers Booster,products_nonsingles_6_2026-07-05.json,,,,,,,,,,
1555,154,271833,Diamond & Pearl Booster,products_nonsingles_6_2026-07-05.json,,,,,,,,,,
1556,143,271837,Mysterious Treasures Booster,products_nonsingles_6_2026-07-05.json,,,,,,,,,,
1557,145,271838,Secret Wonders Booster,products_nonsingles_6_2026-07-05.json,,,,,,,,,,
1558,120,271834,Great Encounters Booster,products_nonsingles_6_2026-07-05.json,,,,,,,,,,
1559,116,271836,Majestic Dawn Booster,products_nonsingles_6_2026-07-05.json,,,,,,,,,,
1560,160,271835,Legends Awakened Booster,products_nonsingles_6_2026-07-05.json,,,,,,,,,,
1561,114,271867,Stormfront Booster,products_nonsingles_6_2026-07-05.json,,,,,,,,,,
1562,145,271857,Platinum Booster,products_nonsingles_6_2026-07-05.json,,,,,,,,,,
1563,135,271879,Rising Rivals Booster,products_nonsingles_6_2026-07-05.json,,,,,,,,,,
1564,173,271859,Supreme Victors Booster,products_nonsingles_6_2026-07-05.json,,,,,,,,,,
1565,123,271858,Arceus Booster,products_nonsingles_6_2026-07-05.json,,,,,,,,,,
1566,152,271878,HeartGold & SoulSilver Booster,products_nonsingles_6_2026-07-05.json,,,,,,,,,,
1567,116,271852,Unleashed Booster,products_nonsingles_6_2026-07-05.json,,,,,,,,,,
1568,106,271875,Undaunted Booster,products_nonsingles_6_2026-07-05.json,,,,,,,,,,
1569,118,271851,Triumphant Booster,products_nonsingles_6_2026-07-05.json,,,,,,,,,,
1570,123,271882,Call of Legends Booster,products_nonsingles_6_2026-07-05.json,,,,,,,,,,
1571,156,271825,Black & White Booster,products_nonsingles_6_2026-07-05.json,,,,,,,,,,
1572,114,271828,Emerging Powers Booster,products_nonsingles_6_2026-07-05.json,,,,,,,,,,
1573,123,271831,Noble Victories Booster,products_nonsingles_6_2026-07-05.json,,,,,,,,,,
1574,120,271830,Next Destinies Booster,products_nonsingles_6_2026-07-05.json,,,,,,,,,,
1575,137,271826,Dark Explorers Booster,products_nonsingles_6_2026-07-05.json,,,,,,,,,,
1576,142,271827,Dragons Exalted Booster,products_nonsingles_6_2026-07-05.json,,,,,,,,,,
1577,171,271881,Boundaries Crossed Booster,products_nonsingles_6_2026-07-05.json,,,,,,,,,,
1578,154,271866,Plasma Storm Booster,products_nonsingles_6_2026-07-05.json,,,,,,,,,,
1579,140,271880,Plasma Freeze Booster,products_nonsingles_6_2026-07-05.json,,,,,,,,,,
1580,120,271832,Plasma Blast Booster,products_nonsingles_6_2026-07-05.json,,,,,,,,,,
1581,150,271829,Legendary Treasures Booster,products_nonsingles_6_2026-07-05.json,,,,,,,,,,
1582,196,271861,XY Booster,products_nonsingles_6_2026-07-05.json,,,,,,,,,,
1583,147,271862,Flashfire Booster,products_nonsingles_6_2026-07-05.json,,,,,,,,,,
1584,148,271863,Furious Fists Booster,products_nonsingles_6_2026-07-05.json,,,,,,,,,,
1585,198,271884,Primal Clash Booster,products_nonsingles_6_2026-07-05.json,,,,,,,,,,
1605,25,275411,Electabuzz [Thundershock | Thunderpunch],products_singles_6_2026-07-05.json,,,,,,,,,,
1606,7,275587,Dark Arbok [Stare | Poison Vapor],products_singles_6_2026-07-05.json,,,,,,,,,,
1607,55,275420,Pikachu [Growl | Thundershock],products_singles_6_2026-07-05.json,,,,,,,,,,
1608,46,275474,Kyogre ex [Major Flood],products_singles_6_2026-07-05.json,,,,,,,,,,
1609,62,275514,Dialga LV.X [Time Skip | Metal Flash],products_singles_6_2026-07-05.json,,,,,,,,,,
1610,25,275594,Tropical Tidal Wave,products_singles_6_2026-07-05.json,,,,,,,,,,
1611,106,279854,Black Kyurem EX [Dragon Fang | Freeze Shock],products_singles_6_2026-07-05.json,,,,,,,,,,
1612,273,281306,Darkrai [Hypnoblast | Deep Wind],products_singles_6_2026-07-05.json,,,,,,,,,,
1613,18,282561,POP Series 1 Booster,products_nonsingles_6_2026-07-05.json,,,,,,,,,,
1614,18,282562,POP Series 2 Booster,products_nonsingles_6_2026-07-05.json,,,,,,,,,,
1615,18,282563,POP Series 3 Booster,products_nonsingles_6_2026-07-05.json,,,,,,,,,,
1616,18,282564,POP Series 4 Booster,products_nonsingles_6_2026-07-05.json,,,,,,,,,,
1617,18,282565,POP Series 5 Booster,products_nonsingles_6_2026-07-05.json,,,,,,,,,,
1618,19,282566,POP Series 6 Booster,products_nonsingles_6_2026-07-05.json,,,,,,,,,,
1619,18,282567,POP Series 7 Booster,products_nonsingles_6_2026-07-05.json,,,,,,,,,,
1620,18,282568,POP Series 8 Booster,products_nonsingles_6_2026-07-05.json,,,,,,,,,,
1621,19,282569,POP Series 9 Booster,products_nonsingles_6_2026-07-05.json,,,,,,,,,,
1622,12,275619,Lucario Lv.30 [Feint | Aura Sphere],products_singles_6_2026-07-05.json,,,,,,,,,,
1623,12,281790,Snivy [Slam],products_singles_6_2026-07-05.json,,,,,,,,,,
1624,12,281778,Servine [Wrap | Tackle],products_singles_6_2026-07-05.json,,,,,,,,,,
1625,12,281653,Weedle [String Shot],products_singles_6_2026-07-05.json,,,,,,,,,,
1626,22,286800,EX Trainer Kit,products_nonsingles_6_2026-07-05.json,,,,,,,,,,
1627,25,286801,EX Trainer Kit 2,products_nonsingles_6_2026-07-05.json,,,,,,,,,,
1628,25,286799,DP Trainer Kit,products_nonsingles_6_2026-07-05.json,,,,,,,,,,
1629,63,286802,HS Trainer Kit,products_nonsingles_6_2026-07-05.json,,,,,,,,,,
1630,63,286805,BW Trainer Kit,products_nonsingles_6_2026-07-05.json,,,,,,,,,,
1631,64,286803,XY Trainer Kit,products_nonsingles_6_2026-07-05.json,,,,,,,,,,
1632,62,286804,XY Trainer Kit: Bisharp and Wigglytuff,products_nonsingles_6_2026-07-05.json,,,,,,,,,,
1633,19,369560,Southern Islands Collection,products_nonsingles_6_2026-07-05.json,,,,,,,,,,
1634,19,580053,Pokémon Rumble: Game Box,products_nonsingles_6_2026-07-05.json,,,,,,,,,,
1636,25,463754,Dragon Vault Booster,products_nonsingles_6_2026-07-05.json,,,,,,,,,,
1637,51,286614,XY Kalos Starter Set: Chespin Theme Deck,products_nonsingles_6_2026-07-05.json,,,,,,,,,,
1645,1535,286831,Legends of Kalos Tins: Xerneas EX Tin,products_nonsingles_6_2026-07-05.json,,,,,,,,,,
1648,42,282553,Double Crisis Booster,products_nonsingles_6_2026-07-05.json,,,,,,,,,,
1649,146,282787,Roaring Skies Booster,products_nonsingles_6_2026-07-05.json,,,,,,,,,,
1660,152,283942,Ancient Origins Booster,products_nonsingles_6_2026-07-05.json,,,,,,,,,,
1678,240,285574,BREAKthrough Booster,products_nonsingles_6_2026-07-05.json,,,,,,,,,,
1683,64,286957,XY Trainer Kit: Latias and Latios,products_nonsingles_6_2026-07-05.json,,,,,,,,,,
1687,197,287243,BREAKpoint Booster,products_nonsingles_6_2026-07-05.json,,,,,,,,,,
1693,163,288300,Mythical Pokémon Collection: Mew,products_nonsingles_6_2026-07-05.json,,,,,,,,,,
1706,181,289036,Fates Collide: Zygarde EX Box,products_nonsingles_6_2026-07-05.json,,,,,,,,,,
1707,63,289041,XY Trainer Kit: Pikachu Libre & Suicune,products_nonsingles_6_2026-07-05.json,,,,,,,,,,
1716,161,290087,Steam Siege Booster,products_nonsingles_6_2026-07-05.json,,,,,,,,,,
1741,12,293317,Treecko [Quick Attack],products_singles_6_2026-07-05.json,,,,,,,,,,
1742,150,293331,Evolutions Elite Trainer Box (Blastoise),products_nonsingles_6_2026-07-05.json,,,,,,,,,,
1745,259,294123,Sun & Moon Elite Trainer Box (Solgaleo),products_nonsingles_6_2026-07-05.json,,,,,,,,,,
1752,12,295137,Vulpix [Roar | Gnaw],products_singles_6_2026-07-05.json,,,,,,,,,,
1753,96,871795,Blaziken [Fire Starter | Fire Stream],products_singles_6_2026-07-05.json,,,,,,,,,,
1754,89,871509,Meditite [High Jump Kick | Fake Out],products_singles_6_2026-07-05.json,,,,,,,,,,
1755,95,869511,Lugia ex [Silver Sparkle | Elemental Blast],products_singles_6_2026-07-05.json,,,,,,,,,,
1756,101,869354,Empoleon Lv.42 [Ice Blade | Aqua Jet],products_singles_6_2026-07-05.json,,,,,,,,,,
1757,315,295293,Rowlet [Fury Attack],products_singles_6_2026-07-05.json,,,,,,,,,,
1758,64,295484,SM Trainer Kit: Lycanroc & Alolan Raichu,products_nonsingles_6_2026-07-05.json,,,,,,,,,,
1800,265,296849,Guardians Rising Elite Trainer Box,products_nonsingles_6_2026-07-05.json,,,,,,,,,,
1824,239,298773,Burning Shadows: Lycanroc Theme Deck,products_nonsingles_6_2026-07-05.json,,,,,,,,,,
1842,104,301160,Shining Legends: Pikachu Pin Collection,products_nonsingles_6_2026-07-05.json,,,,,,,,,,
1843,167,301168,Crimson Invasion Elite Trainer Box,products_nonsingles_6_2026-07-05.json,,,,,,,,,,
1845,12,301843,Rowlet [Tackle | Leafage],products_singles_6_2026-07-05.json,,,,,,,,,,
2026,109,868670,Gardevoir LV.X [Teleportation | Bring Down],products_singles_6_2026-07-05.json,,,,,,,,,,
2027,96,874537,WCD 2008: Bliss Control Deck,products_nonsingles_6_2026-07-05.json,,,,,,,,,,
2028,111,868869,Trapinch Lv.9 [Inviting Trap | Sand Tomb],products_singles_6_2026-07-05.json,,,,,,,,,,
2029,94,867338,Primal Groudon EX [Gaia Volcano],products_singles_6_2026-07-05.json,,,,,,,,,,
2065,234,315117,Ultra Prism: Empoleon Theme Deck,products_nonsingles_6_2026-07-05.json,,,,,,,,,,
2070,63,315505,SM Trainer Kit: Alolan Sandslash & Alolan Ninetales,products_nonsingles_6_2026-07-05.json,,,,,,,,,,
2075,202,316134,Forbidden Light Elite Trainer Box,products_nonsingles_6_2026-07-05.json,,,,,,,,,,
2107,98,674371,Worlds 2022 Blue Pikachu Coin,products_nonsingles_6_2026-07-05.json,,,,,,,,,,
2320,238,357062,Celestial Storm Elite Trainer Box,products_nonsingles_6_2026-07-05.json,,,,,,,,,,
2351,104,361535,Dragon Majesty: Ultra Necrozma GX Box,products_nonsingles_6_2026-07-05.json,,,,,,,,,,
2352,12,361721,Leafeon [Quick Attack | Energy Assist],products_singles_6_2026-07-05.json,,,,,,,,,,
2361,41,652085,McDonald's Collection 2018 FR Booster,products_nonsingles_6_2026-07-05.json,,,,,,,,,,
2370,294,363266,Lost Thunder Elite Trainer Box,products_nonsingles_6_2026-07-05.json,,,,,,,,,,
2393,96,865237,Gardevoir GX [Secret Spring | Infinite Force | Twilight GX],products_singles_6_2026-07-05.json,,,,,,,,,,
2394,93,865647,Greninja BREAK [Giant Water Shuriken],products_singles_6_2026-07-05.json,,,,,,,,,,
2395,90,868131,Reshiram [Outrage | Blue Flare],products_singles_6_2026-07-05.json,,,,,,,,,,
2396,94,863152,Banette GX [Shady Move | Shadow Chant | Tomb Hunt GX],products_singles_6_2026-07-05.json,,,,,,,,,,
2404,12,366769,Growlithe [Take Down],products_singles_6_2026-07-05.json,,,,,,,,,,
2407,248,366885,Team Up Elite Trainer Box,products_nonsingles_6_2026-07-05.json,,,,,,,,,,
2437,286,370619,Unbroken Bonds Elite Trainer Box,products_nonsingles_6_2026-07-05.json,,,,,,,,,,
2438,44,370622,Detective Pikachu: Greninja GX Case File,products_nonsingles_6_2026-07-05.json,,,,,,,,,,
2487,313,377481,"Unified Minds: """"Laser Focus"""" Theme Deck",products_nonsingles_6_2026-07-05.json,,,,,,,,,,
2514,206,381198,Hidden Fates Elite Trainer Box,products_nonsingles_6_2026-07-05.json,,,,,,,,,,
2644,305,398434,Cosmic Eclipse Elite Trainer Box,products_nonsingles_6_2026-07-05.json,,,,,,,,,,
2739,96,407419,WCD 2019: Fire Box,products_nonsingles_6_2026-07-05.json,,,,,,,,,,
2744,88,867815,Rayquaza EX [Celestial Roar | Dragon Burst],products_singles_6_2026-07-05.json,,,,,,,,,,
2749,88,867979,Mewtwo EX [X Ball | Psydrive],products_singles_6_2026-07-05.json,,,,,,,,,,
2754,99,867432,Genesect EX [Red Signal | Megalo Cannon],products_singles_6_2026-07-05.json,,,,,,,,,,
2829,12,412849,Caterpie [Surprise Attack],products_singles_6_2026-07-05.json,,,,,,,,,,
2916,388,695988,Sword & Shield Ultra-Premium Collection - Charizard Promos,products_nonsingles_6_2026-07-05.json,,,,,,,,,,
2921,285,427121,Sword & Shield: Inteleon Theme Deck,products_nonsingles_6_2026-07-05.json,,,,,,,,,,
3108,66,450143,Professor Elm's Training Method,products_singles_6_2026-07-05.json,,,,,,,,,,
3143,258,453273,Rebel Clash Booster Box,products_nonsingles_6_2026-07-05.json,,,,,,,,,,
3199,255,462219,Darkness Ablaze: Galarian Darmanitan Theme Deck,products_nonsingles_6_2026-07-05.json,,,,,,,,,,
3214,373,609747,Lunar New Year Red Envelope Promo Pack,products_nonsingles_6_2026-07-05.json,,,,,,,,,,
3219,88,463844,Explosive Flame Walker Booster,products_nonsingles_6_2026-07-05.json,,,,,,,,,,
3274,122,463829,Infinity Zone Limited Booster Box Set,products_nonsingles_6_2026-07-05.json,,,,,,,,,,
3279,119,464429,Rebellion Crash Booster,products_nonsingles_6_2026-07-05.json,,,,,,,,,,
3284,88,468304,VMAX Rising Booster,products_nonsingles_6_2026-07-05.json,,,,,,,,,,
3289,77,468309,Sword Booster,products_nonsingles_6_2026-07-05.json,,,,,,,,,,
3294,77,468314,Shield Booster,products_nonsingles_6_2026-07-05.json,,,,,,,,,,
3324,444,575113,Limited Collection Master Battle Set,products_nonsingles_6_2026-07-05.json,,,,,,,,,,
3354,81,581694,McDonald's Collection 2019 FR Booster,products_nonsingles_6_2026-07-05.json,,,,,,,,,,
3384,98,480104,Legendary Heartbeat Booster Box,products_nonsingles_6_2026-07-05.json,,,,,,,,,,
3389,136,480114,V Starter Decks: Eevee V Starter Deck,products_nonsingles_6_2026-07-05.json,,,,,,,,,,
3419,118,488249,Champion’s Path: Marnie Special Collection,products_nonsingles_6_2026-07-05.json,,,,,,,,,,
3479,124,494474,Shocking Volt Tackle Limited Booster Box Set,products_nonsingles_6_2026-07-05.json,,,,,,,,,,
3484,248,494489,Vivid Voltage: Charizard Theme Deck,products_nonsingles_6_2026-07-05.json,,,,,,,,,,
3510,5,506930,Pikachu on the Ball [Tail Whap | Lightning Shot],products_singles_6_2026-07-05.json,,,,,,,,,,
3580,336,522555,Shiny Star V Limited Booster Box Set,products_nonsingles_6_2026-07-05.json,,,,,,,,,,
3585,22,523825,VMAX Starter Deck: Venusaur VMAX,products_nonsingles_6_2026-07-05.json,,,,,,,,,,
3590,21,523820,VMAX Starter Deck: Blastoise VMAX,products_nonsingles_6_2026-07-05.json,,,,,,,,,,
3595,63,524140,VMAX Starter Decks: Grimmsnarl VMAX,products_nonsingles_6_2026-07-05.json,,,,,,,,,,
3600,123,524735,Sword & Shield Starter Decks: Grass,products_nonsingles_6_2026-07-05.json,,,,,,,,,,
3605,8,524840,Zacian + Zamazenta BOX,products_nonsingles_6_2026-07-05.json,,,,,,,,,,
3610,9,524835,VMAX Special Set,products_nonsingles_6_2026-07-05.json,,,,,,,,,,
3615,25,524965,Sword & Shield Premium Trainer Box,products_nonsingles_6_2026-07-05.json,,,,,,,,,,
3630,245,526045,Shining Fates Mini Tins: Reshiram Tin,products_nonsingles_6_2026-07-05.json,,,,,,,,,,
3675,232,527425,Battle Styles Elite Trainer Box (Single Strike),products_nonsingles_6_2026-07-05.json,,,,,,,,,,
3697,95,534132,Rapid Strike Master Booster Box,products_nonsingles_6_2026-07-05.json,,,,,,,,,,
3712,95,534137,Single Strike Master Booster Box,products_nonsingles_6_2026-07-05.json,,,,,,,,,,
3717,35,534117,Single Strike Premium Trainer Box,products_nonsingles_6_2026-07-05.json,,,,,,,,,,
3738,51,550931,McDonald's Collection 25th Anniversary Booster,products_nonsingles_6_2026-07-05.json,,,,,,,,,,
3751,99,540466,Matchless Fighters Limited Booster Box Set,products_nonsingles_6_2026-07-05.json,,,,,,,,,,
3776,237,543371,Tag Team GX: Tag All Stars Booster,products_nonsingles_6_2026-07-05.json,,,,,,,,,,
3781,180,606327,Quick Starter Gift Set,products_nonsingles_6_2026-07-05.json,,,,,,,,,,
3801,119,550351,Alter Genesis Booster Box,products_nonsingles_6_2026-07-05.json,,,,,,,,,,
3806,77,550356,Dream League Booster Box,products_nonsingles_6_2026-07-05.json,,,,,,,,,,
3811,83,550371,Remix Bout Booster Box,products_nonsingles_6_2026-07-05.json,,,,,,,,,,
3816,119,550381,Miracle Twin Booster Box,products_nonsingles_6_2026-07-05.json,,,,,,,,,,
3821,71,550386,Sky Legend Booster Box,products_nonsingles_6_2026-07-05.json,,,,,,,,,,
3826,29,550421,Great Detective Pikachu Booster Box,products_nonsingles_6_2026-07-05.json,,,,,,,,,,
3831,71,550391,GG End Booster Box,products_nonsingles_6_2026-07-05.json,,,,,,,,,,
3836,118,550396,Double Blaze Booster Box,products_nonsingles_6_2026-07-05.json,,,,,,,,,,
3841,71,550431,Full Metal Wall Booster Box,products_nonsingles_6_2026-07-05.json,,,,,,,,,,
3846,72,550436,Night Unison Booster Box,products_nonsingles_6_2026-07-05.json,,,,,,,,,,
3851,121,550441,Tag Bolt Booster Box,products_nonsingles_6_2026-07-05.json,,,,,,,,,,
3856,252,550461,GX Ultra Shiny Booster Box,products_nonsingles_6_2026-07-05.json,,,,,,,,,,
3861,67,550466,Dark Order Booster Box,products_nonsingles_6_2026-07-05.json,,,,,,,,,,
3866,113,550471,Super-Burst Impact Booster Box,products_nonsingles_6_2026-07-05.json,,,,,,,,,,
3871,65,551751,Fairy Rise Booster Box,products_nonsingles_6_2026-07-05.json,,,,,,,,,,
3876,75,551756,Thunderclap Spark Booster Box,products_nonsingles_6_2026-07-05.json,,,,,,,,,,
3881,114,551761,Sky-Splitting Charisma Booster Box,products_nonsingles_6_2026-07-05.json,,,,,,,,,,
3886,88,551771,Champion Road Booster Box,products_nonsingles_6_2026-07-05.json,,,,,,,,,,
3891,68,551776,Dragon Storm Booster Box,products_nonsingles_6_2026-07-05.json,,,,,,,,,,
3896,112,551781,Forbidden Light JP Booster Box,products_nonsingles_6_2026-07-05.json,,,,,,,,,,
3901,65,551786,Ultra Force Booster Box,products_nonsingles_6_2026-07-05.json,,,,,,,,,,
3906,80,551791,Ultra Moon Booster Box,products_nonsingles_6_2026-07-05.json,,,,,,,,,,
3911,80,551796,Ultra Sun Booster Box,products_nonsingles_6_2026-07-05.json,,,,,,,,,,
3916,127,551801,GX Battle Boost Booster Box,products_nonsingles_6_2026-07-05.json,,,,,,,,,,
3921,64,551806,Ultradimensional Beasts Booster Box,products_nonsingles_6_2026-07-05.json,,,,,,,,,,
3926,64,551816,Awakened Heroes Booster Box,products_nonsingles_6_2026-07-05.json,,,,,,,,,,
3931,84,551821,Shining Legends JP Booster Box,products_nonsingles_6_2026-07-05.json,,,,,,,,,,
3936,66,551826,Darkness that Consumes Light Booster Box,products_nonsingles_6_2026-07-05.json,,,,,,,,,,
3941,66,551831,To Have Seen the Battle Rainbow Booster Box,products_nonsingles_6_2026-07-05.json,,,,,,,,,,
3946,72,551836,Facing a New Trial Booster Box,products_nonsingles_6_2026-07-05.json,,,,,,,,,,
3951,64,551841,Alolan Moonlight Booster Box,products_nonsingles_6_2026-07-05.json,,,,,,,,,,
3956,64,551846,Islands Await You Booster Box,products_nonsingles_6_2026-07-05.json,,,,,,,,,,
3961,75,551851,Strength Expansion Pack Sun & Moon Booster Box,products_nonsingles_6_2026-07-05.json,,,,,,,,,,
3966,75,551856,Collection Moon Booster Box,products_nonsingles_6_2026-07-05.json,,,,,,,,,,
3971,75,551861,Collection Sun Booster Box,products_nonsingles_6_2026-07-05.json,,,,,,,,,,
3974,33,552104,Ash vs Team Rocket Deck Kit,products_nonsingles_6_2026-07-05.json,,,,,,,,,,
3979,4,561763,Rowlet [Fury Attack],products_singles_6_2026-07-05.json,,,,,,,,,,
3984,190,552154,The Best of XY Booster Box,products_nonsingles_6_2026-07-05.json,,,,,,,,,,
3989,106,552169,Expansion Pack 20th Anniversary Booster Box,products_nonsingles_6_2026-07-05.json,,,,,,,,,,
3994,61,552179,Cruel Traitor Booster Box,products_nonsingles_6_2026-07-05.json,,,,,,,,,,
3999,61,552184,Fever-Burst Fighter Booster Box,products_nonsingles_6_2026-07-05.json,,,,,,,,,,
4004,90,552194,Awakening Psychic King Booster Box,products_nonsingles_6_2026-07-05.json,,,,,,,,,,
4009,91,552204,Rage of the Broken Heavens Booster Box,products_nonsingles_6_2026-07-05.json,,,,,,,,,,
4014,67,552209,Blue Shock Booster Box,products_nonsingles_6_2026-07-05.json,,,,,,,,,,
4019,67,552214,Red Flash Booster Box,products_nonsingles_6_2026-07-05.json,,,,,,,,,,
4024,100,552224,Bandit Ring Booster Box,products_nonsingles_6_2026-07-05.json,,,,,,,,,,
4029,93,552229,Emerald Break Booster Box,products_nonsingles_6_2026-07-05.json,,,,,,,,,,
4034,82,552239,Tidal Storm Booster Box,products_nonsingles_6_2026-07-05.json,,,,,,,,,,
4039,82,552244,Gaia Volcano Booster Box,products_nonsingles_6_2026-07-05.json,,,,,,,,,,
4044,99,552249,Phantom Gate Booster Box,products_nonsingles_6_2026-07-05.json,,,,,,,,,,
4049,107,552254,Rising Fist Booster Box,products_nonsingles_6_2026-07-05.json,,,,,,,,,,
4054,92,552259,Wild Blaze Booster Box,products_nonsingles_6_2026-07-05.json,,,,,,,,,,
4059,65,552264,Collection Y Booster Box,products_nonsingles_6_2026-07-05.json,,,,,,,,,,
4064,66,552269,Collection X Booster Box,products_nonsingles_6_2026-07-05.json,,,,,,,,,,
4069,40,552174,Mythical & Legendary Dream Shine Collection Booster Box,products_nonsingles_6_2026-07-05.json,,,,,,,,,,
4074,142,552189,Premium Champion Pack Booster Box,products_nonsingles_6_2026-07-05.json,,,,,,,,,,
4079,28,552384,MAudino EX Mega Battle Deck,products_nonsingles_6_2026-07-05.json,,,,,,,,,,
4084,21,552389,Zygarde EX Perfect Battle Deck,products_nonsingles_6_2026-07-05.json,,,,,,,,,,
4089,85,552379,BREAK Starter Pack: 20th Anniversary,products_nonsingles_6_2026-07-05.json,,,,,,,,,,
4094,34,552199,PokéKyun Collection Booster Box,products_nonsingles_6_2026-07-05.json,,,,,,,,,,
4099,18,552409,Golduck BREAK + Palkia EX Combo Deck,products_nonsingles_6_2026-07-05.json,,,,,,,,,,
4104,11,552414,Noivern BREAK Evolution Pack,products_nonsingles_6_2026-07-05.json,,,,,,,,,,
4109,11,552419,Raichu BREAK Evolution Pack,products_nonsingles_6_2026-07-05.json,,,,,,,,,,
4114,29,552219,Legendary Shine Collection Booster Box,products_nonsingles_6_2026-07-05.json,,,,,,,,,,
4119,21,552439,MRayquaza EX Mega Battle Deck,products_nonsingles_6_2026-07-05.json,,,,,,,,,,
4124,36,552234,Magma Gang VS Aqua Gang: Double Crisis Booster Box,products_nonsingles_6_2026-07-05.json,,,,,,,,,,
4129,26,552444,Super Legend Set: Xerneas EX & Yveltal EX,products_nonsingles_6_2026-07-05.json,,,,,,,,,,
4134,21,552449,Hyper Metal Chain Deck,products_nonsingles_6_2026-07-05.json,,,,,,,,,,
4139,24,552454,MCharizard EX Mega Battle Deck,products_nonsingles_6_2026-07-05.json,,,,,,,,,,
4144,16,552459,Yveltal Half Deck,products_nonsingles_6_2026-07-05.json,,,,,,,,,,
4149,16,552464,Xerneas Half Deck,products_nonsingles_6_2026-07-05.json,,,,,,,,,,
4154,53,552469,XY Beginning Set,products_nonsingles_6_2026-07-05.json,,,,,,,,,,
4159,413,575114,20th Anniversary Team Rocket Special Case,products_nonsingles_6_2026-07-05.json,,,,,,,,,,
4168,154,554280,Pokémon Card VS Grass/Lightning Booster ,products_nonsingles_6_2026-07-05.json,,,,,,,,,,
4169,105,557543,Expansion Pack Booster Box,products_nonsingles_6_2026-07-05.json,,,,,,,,,,
4170,206,557899,Venusaur [Energy Trans | Solarbeam],products_singles_6_2026-07-05.json,,,,,,,,,,
4171,97,557964,Silver Lance Booster Box,products_nonsingles_6_2026-07-05.json,,,,,,,,,,
4172,97,557965,Jet Black Spirit Booster Box,products_nonsingles_6_2026-07-05.json,,,,,,,,,,
4173,7,557961,Silver Lance & Jet Black Spirit Jumbo Pack Set,products_nonsingles_6_2026-07-05.json,,,,,,,,,,
4174,280,557968,Chilling Reign Booster Box,products_nonsingles_6_2026-07-05.json,,,,,,,,,,
4178,25,562021,McDonald's Pokémon-e Minimum Pack Booster,products_nonsingles_6_2026-07-05.json,,,,,,,,,,
4179,35,562058,Mewtwo vs Genesect Deck Kit,products_nonsingles_6_2026-07-05.json,,,,,,,,,,
4180,101,562025,EX Battle Boost Booster Box,products_nonsingles_6_2026-07-05.json,,,,,,,,,,
4181,20,562059,Blastoise + Kyurem EX Combo Deck,products_nonsingles_6_2026-07-05.json,,,,,,,,,,
4182,88,562027,Megalo Cannon Booster,products_nonsingles_6_2026-07-05.json,,,,,,,,,,
4184,26,562057,Shiny Collection Booster,products_nonsingles_6_2026-07-05.json,,,,,,,,,,
4185,60,562028,Thunder Knuckle Booster,products_nonsingles_6_2026-07-05.json,,,,,,,,,,
4186,60,562029,Spiral Force Booster,products_nonsingles_6_2026-07-05.json,,,,,,,,,,
4187,73,562060,Everyone's Exciting Battle Box,products_nonsingles_6_2026-07-05.json,,,,,,,,,,
4188,19,562061,Team Plasma Battle Gift Set,products_nonsingles_6_2026-07-05.json,,,,,,,,,,
4189,21,562062,White Kyurem EX Battle Strength Deck,products_nonsingles_6_2026-07-05.json,,,,,,,,,,
4190,21,562063,Black Kyurem EX Battle Strength Deck,products_nonsingles_6_2026-07-05.json,,,,,,,,,,
4191,47,562064,Master Deck Build Box EX,products_nonsingles_6_2026-07-05.json,,,,,,,,,,
4192,20,562065,Team Plasma's Powered Half Deck,products_nonsingles_6_2026-07-05.json,,,,,,,,,,
4193,81,562030,Plasma Gale Booster,products_nonsingles_6_2026-07-05.json,,,,,,,,,,
4194,67,562031,Cold Flare Booster,products_nonsingles_6_2026-07-05.json,,,,,,,,,,
4195,67,562032,Freeze Bolt Booster,products_nonsingles_6_2026-07-05.json,,,,,,,,,,
4196,49,562066,National Pokédex Beginning Set,products_nonsingles_6_2026-07-05.json,,,,,,,,,,
4197,19,562067,Keldeo Battle Strength Deck,products_nonsingles_6_2026-07-05.json,,,,,,,,,,
4198,19,562068,Garchomp Half Deck,products_nonsingles_6_2026-07-05.json,,,,,,,,,,
4199,19,562069,Hydreigon Half Deck,products_nonsingles_6_2026-07-05.json,,,,,,,,,,
4200,57,562033,Dragon Blade Booster,products_nonsingles_6_2026-07-05.json,,,,,,,,,,
4201,57,562034,Dragon Blast Booster,products_nonsingles_6_2026-07-05.json,,,,,,,,,,
4203,22,562035,Dragon Selection Booster,products_nonsingles_6_2026-07-05.json,,,,,,,,,,
4204,78,562036,Dark Rush Booster,products_nonsingles_6_2026-07-05.json,,,,,,,,,,
4205,33,562070,Battle Gift Set: Thundurus vs Tornadus,products_nonsingles_6_2026-07-05.json,,,,,,,,,,
4206,21,562071,Zekrom EX Battle Strength Deck,products_nonsingles_6_2026-07-05.json,,,,,,,,,,
4207,21,562072,Reshiram EX Battle Strength Deck,products_nonsingles_6_2026-07-05.json,,,,,,,,,,
4208,59,562037,Hail Blizzard Booster,products_nonsingles_6_2026-07-05.json,,,,,,,,,,
4209,59,562038,Psycho Drive Booster,products_nonsingles_6_2026-07-05.json,,,,,,,,,,
4210,74,562039,Red Collection Booster,products_nonsingles_6_2026-07-05.json,,,,,,,,,,
4211,27,562073,Battle Theme Deck: Victini,products_nonsingles_6_2026-07-05.json,,,,,,,,,,
4212,45,562074,Cobalion Battle Strength Deck,products_nonsingles_6_2026-07-05.json,,,,,,,,,,
4213,58,562040,White Collection Booster,products_nonsingles_6_2026-07-05.json,,,,,,,,,,
4214,60,562041,Black Collection Booster,products_nonsingles_6_2026-07-05.json,,,,,,,,,,
4216,61,562077,Beginning Set for Girls,products_nonsingles_6_2026-07-05.json,,,,,,,,,,
4217,12,562079,Oshawott Collection Sheet,products_nonsingles_6_2026-07-05.json,,,,,,,,,,
4218,248,562083,Pansage [Bullet Seed],products_singles_6_2026-07-05.json,,,,,,,,,,
4238,34,290754,Pikachu Coin (Emboar EX vs Togekiss EX Deck Kit),products_nonsingles_6_2026-07-05.json,,,,,,,,,,
4239,105,564172,Eevee Heroes Booster,products_nonsingles_6_2026-07-05.json,,,,,,,,,,
4240,10,564170,Eevee Heroes VMAX Special Set,products_nonsingles_6_2026-07-05.json,,,,,,,,,,
4241,23,564166,Gigantamax Gengar Coin,products_nonsingles_6_2026-07-05.json,,,,,,,,,,
4242,26,564167,Gigantamax Inteleon Coin,products_nonsingles_6_2026-07-05.json,,,,,,,,,,
4243,80,564164,Sword & Shield Family Pokémon Card Game,products_nonsingles_6_2026-07-05.json,,,,,,,,,,
4245,33,551981,Espeon & Deoxys GX Tag Team GX Starter Set,products_nonsingles_6_2026-07-05.json,,,,,,,,,,
4246,52,551991,Sun & Moon Family Pokémon Card Game,products_nonsingles_6_2026-07-05.json,,,,,,,,,,
4247,30,551996,Tag Team GX Deck Build Box,products_nonsingles_6_2026-07-05.json,,,,,,,,,,
4248,33,552001,Brock of Pewter City Gym Trainer Battle Deck,products_nonsingles_6_2026-07-05.json,,,,,,,,,,
4249,36,552144,Tag Team GX Premium Trainer Box,products_nonsingles_6_2026-07-05.json,,,,,,,,,,
4250,41,552016,Flareon GX Starter Set Fire,products_nonsingles_6_2026-07-05.json,,,,,,,,,,
4251,140,552036,Grass Lurantis GX Deck,products_nonsingles_6_2026-07-05.json,,,,,,,,,,
4252,43,552081,Ultra Moon Deck Build Box,products_nonsingles_6_2026-07-05.json,,,,,,,,,,
4253,21,552149,Ultra Sun & Ultra Moon Premium Trainer Box,products_nonsingles_6_2026-07-05.json,,,,,,,,,,
4254,22,552094,Solgaleo GX & Lunala GX Legendary Starter Set,products_nonsingles_6_2026-07-05.json,,,,,,,,,,
4255,22,552109,Tapu Bulu GX Enhanced Starter Set,products_nonsingles_6_2026-07-05.json,,,,,,,,,,
4256,14,552114,Rockruff Full Power Deck,products_nonsingles_6_2026-07-05.json,,,,,,,,,,
4257,19,552119,Premium Trainer Box,products_nonsingles_6_2026-07-05.json,,,,,,,,,,
4258,63,552124,Decidueye GX Starter Set Grass,products_nonsingles_6_2026-07-05.json,,,,,,,,,,
4261,83,565953,Clash at the Summit Booster Box,products_nonsingles_6_2026-07-05.json,,,,,,,,,,
4262,42,565954,Lost Link Booster Box,products_nonsingles_6_2026-07-05.json,,,,,,,,,,
4263,20,565945,Tyranitar Constructed Standard Deck,products_nonsingles_6_2026-07-05.json,,,,,,,,,,
4264,20,565946,Steelix Constructed Standard Deck,products_nonsingles_6_2026-07-05.json,,,,,,,,,,
4265,83,565955,Reviving Legends Booster Box,products_nonsingles_6_2026-07-05.json,,,,,,,,,,
4266,15,669139,Roselia [Petal Dance | UL],products_singles_6_2026-07-05.json,,,,,,,,,,
4267,14,669154,Misdreavus [Sharpshooting],products_singles_6_2026-07-05.json,,,,,,,,,,
4268,11,565948,Torterra Battle Starter Deck,products_nonsingles_6_2026-07-05.json,,,,,,,,,,
4269,10,565949,Magmortar Battle Starter Deck,products_nonsingles_6_2026-07-05.json,,,,,,,,,,
4270,11,565950,Blastoise Battle Starter Deck,products_nonsingles_6_2026-07-05.json,,,,,,,,,,
4271,12,565951,Raichu Battle Starter Deck,products_nonsingles_6_2026-07-05.json,,,,,,,,,,
4272,73,565956,SoulSilver Collection Booster Box,products_nonsingles_6_2026-07-05.json,,,,,,,,,,
4273,81,565957,HeartGold Collection Booster Box,products_nonsingles_6_2026-07-05.json,,,,,,,,,,
4274,82,566066,Meganium [Sleep Powder | Giant Bloom],products_singles_6_2026-07-05.json,,,,,,,,,,
4276,24,566293,Movie Commemoration Random Pack Booster,products_nonsingles_6_2026-07-05.json,,,,,,,,,,
4277,19,675942,Venusaur Lv.56 [Giga Drain],products_singles_6_2026-07-05.json,,,,,,,,,,
4278,19,290598,Arceus Coin (Arceus LV.X Deck: Lightning & Psychic),products_nonsingles_6_2026-07-05.json,,,,,,,,,,
4279,19,290597,Arceus Coin (Arceus LV.X Deck: Grass & Fire),products_nonsingles_6_2026-07-05.json,,,,,,,,,,
4280,92,566294,Advent of Arceus Booster,products_nonsingles_6_2026-07-05.json,,,,,,,,,,
4281,13,566281,Regigigas LV.X Collection Pack,products_nonsingles_6_2026-07-05.json,,,,,,,,,,
4282,13,566284,Mewtwo LV.X Collection Pack,products_nonsingles_6_2026-07-05.json,,,,,,,,,,
4283,13,566285,Shaymin LV.X Collection Pack,products_nonsingles_6_2026-07-05.json,,,,,,,,,,
4284,16,676453,Charizard [G] Lv.65 [Flame Jet | Heat Blast],products_singles_6_2026-07-05.json,,,,,,,,,,
4285,16,676469,Milotic [C] Lv.58 [Aqua Tail | Wrap],products_singles_6_2026-07-05.json,,,,,,,,,,
4286,102,566295,Beat of the Frontier Booster,products_nonsingles_6_2026-07-05.json,,,,,,,,,,
4287,18,677968,Scizor [4] Lv.49 [Cut | Crushing Blow],products_singles_6_2026-07-05.json,,,,,,,,,,
4288,18,678007,Rapidash [4] Lv.53 [Pickup Power | Fire Mane],products_singles_6_2026-07-05.json,,,,,,,,,,
4289,92,566296,Bonds to the End of Time Booster,products_nonsingles_6_2026-07-05.json,,,,,,,,,,
4290,15,678414,Cherubi Lv.10 [Growth | Razor Leaf],products_singles_6_2026-07-05.json,,,,,,,,,,
4291,15,678429,Roselia Lv.17 [Vine Slap | Spit Poison],products_singles_6_2026-07-05.json,,,,,,,,,,
4292,14,678444,Turtwig Lv.8 [Shell Attack | Stomp],products_singles_6_2026-07-05.json,,,,,,,,,,
4293,13,678458,Kricketot Lv.4 [Headbutt | Beat],products_singles_6_2026-07-05.json,,,,,,,,,,
4294,13,678472,Lapras Lv.41 [Grind | Ice Beam],products_singles_6_2026-07-05.json,,,,,,,,,,
4295,13,678485,Torkoal Lv.28 [Super Singe | Flame Ball],products_singles_6_2026-07-05.json,,,,,,,,,,
4296,13,678498,Turtwig Lv.14 [Ram | Body Slam],products_singles_6_2026-07-05.json,,,,,,,,,,
4297,98,566297,Galactic's Conquest Booster,products_nonsingles_6_2026-07-05.json,,,,,,,,,,
4298,51,566370,Carnivine [G] Lv.43 [Power Whip | Grass Knot],products_singles_6_2026-07-05.json,,,,,,,,,,
4299,10,605068,Pokémon Movie: Premium Cards Collection 2008,products_nonsingles_6_2026-07-05.json,,,,,,,,,,
4300,14,690532,Magnemite Lv.13 [Ram | Random Spark],products_singles_6_2026-07-05.json,,,,,,,,,,
4301,14,690546,Treecko Lv.11 [Call for Friends | Poison Breath],products_singles_6_2026-07-05.json,,,,,,,,,,
4302,94,566494,Intense Fight in the Destroyed Sky Booster Box,products_nonsingles_6_2026-07-05.json,,,,,,,,,,
4303,25,566484,Heatran vs Regigigas Deck Kit,products_nonsingles_6_2026-07-05.json,,,,,,,,,,
4304,67,566495,Temple of Anger Booster Box,products_nonsingles_6_2026-07-05.json,,,,,,,,,,
4305,67,566496,Cry from the Mysterious Booster Box,products_nonsingles_6_2026-07-05.json,,,,,,,,,,
4306,44,566485,Entry Pack '08,products_nonsingles_6_2026-07-05.json,,,,,,,,,,
4307,29,566487,Magmortar vs Electivire Deck Kit,products_nonsingles_6_2026-07-05.json,,,,,,,,,,
4308,72,566497,Dawn Dash Booster Box,products_nonsingles_6_2026-07-05.json,,,,,,,,,,
4309,72,566498,Moonlit Pursuit Booster Box,products_nonsingles_6_2026-07-05.json,,,,,,,,,,
4310,12,611877,10th Movie Commemoration Set,products_nonsingles_6_2026-07-05.json,,,,,,,,,,
4311,20,566488,Palkia LV.X Constructed Standard Deck,products_nonsingles_6_2026-07-05.json,,,,,,,,,,
4312,20,566489,Dialga LV.X Constructed Standard Deck,products_nonsingles_6_2026-07-05.json,,,,,,,,,,
4313,121,566499,Shining Darkness Booster Box,products_nonsingles_6_2026-07-05.json,,,,,,,,,,
4314,108,765676,Seedot [Nap | Double Spin],products_singles_6_2026-07-05.json,,,,,,,,,,
4315,17,566490,Rampardos the Attacker,products_nonsingles_6_2026-07-05.json,,,,,,,,,,
4316,17,566491,Bastiodon the Defender,products_nonsingles_6_2026-07-05.json,,,,,,,,,,
4317,125,566500,Secret of the Lakes Booster Box,products_nonsingles_6_2026-07-05.json,,,,,,,,,,
4318,127,566493,Entry Pack DP,products_nonsingles_6_2026-07-05.json,,,,,,,,,,
4319,19,570059,Phantom's Beedrill [Pin Missile | Poison Sting],products_singles_6_2026-07-05.json,,,,,,,,,,
4321,7,566512,Turtwig Lv.9 [Persim Berry | Bite],products_singles_6_2026-07-05.json,,,,,,,,,,
4322,127,566560,Riolu Lv.7 [Wild Kick],products_singles_6_2026-07-05.json,,,,,,,,,,
4328,282,568764,Evolving Skies Booster,products_nonsingles_6_2026-07-05.json,,,,,,,,,,
4329,92,568810,Towering Perfection Booster,products_nonsingles_6_2026-07-05.json,,,,,,,,,,
4330,93,568811,Blue Sky Stream Booster,products_nonsingles_6_2026-07-05.json,,,,,,,,,,
4339,20,570078,Ash's Grovyle [Quick Attack | SonicBoom],products_singles_6_2026-07-05.json,,,,,,,,,,
4340,19,570224,Sky-Splitting Deoxys [Forme Change | Ozone Hole],products_singles_6_2026-07-05.json,,,,,,,,,,
4341,154,570434,Blastoise [Smash Turn | Rocket Tackle],products_singles_6_2026-07-05.json,,,,,,,,,,
4342,9,570308,Entei [Stomp | Fire Spin],products_singles_6_2026-07-05.json,,,,,,,,,,
4343,9,570317,PokéPark's Celebi [Natural Cure | Psyshock],products_singles_6_2026-07-05.json,,,,,,,,,,
4345,51,570886,25th Anniversary Collection Booster,products_nonsingles_6_2026-07-05.json,,,,,,,,,,
4346,26,570885,25th Anniversary Edition Booster,products_nonsingles_6_2026-07-05.json,,,,,,,,,,
4347,102,570888,Celebrations Booster,products_nonsingles_6_2026-07-05.json,,,,,,,,,,
4348,19,570909,Forina's Nuzleaf [Feint Attack],products_singles_6_2026-07-05.json,,,,,,,,,,
4349,32,570928,Regice ex [Ice Beam | Iceberg Crush],products_singles_6_2026-07-05.json,,,,,,,,,,
4350,63,570988,Kyogre ex [Major Flood],products_singles_6_2026-07-05.json,,,,,,,,,,
4351,18,571110,Oakley's Ariados [String Shot | Night Shade],products_singles_6_2026-07-05.json,,,,,,,,,,
4352,2,571051,Timeless Celebi [Reviving Light],products_singles_6_2026-07-05.json,,,,,,,,,,
4353,47,571182,Kecleon [Tail Wrap | Stretch Tongue],products_singles_6_2026-07-05.json,,,,,,,,,,
4354,24,571131,Flareon [Fury Swipes | Burst Tail],products_singles_6_2026-07-05.json,,,,,,,,,,
4355,48,571450,Ivysaur [Leech Seed | Vine Whip],products_singles_6_2026-07-05.json,,,,,,,,,,
4357,24,606338,Tropical Island Jungle Set,products_nonsingles_6_2026-07-05.json,,,,,,,,,,
4360,131,573595,Fusion Arts Booster Box,products_nonsingles_6_2026-07-05.json,,,,,,,,,,
4361,64,573753,Gift Box Mew • Lucario,products_nonsingles_6_2026-07-05.json,,,,,,,,,,
4381,16,574444,Greninja V-UNION Special Card Set,products_nonsingles_6_2026-07-05.json,,,,,,,,,,
4382,323,574591,Fusion Strike Booster,products_nonsingles_6_2026-07-05.json,,,,,,,,,,
4385,31,576799,Special Deck Set Zacian Zamazenta vs Eternatus,products_nonsingles_6_2026-07-05.json,,,,,,,,,,
4388,431,588141,Start Deck 100 Deck,products_nonsingles_6_2026-07-05.json,,,,,,,,,,
4389,18,570887,25th Anniversary Golden Box,products_nonsingles_6_2026-07-05.json,,,,,,,,,,
4390,297,576800,VMAX Climax Booster Box,products_nonsingles_6_2026-07-05.json,,,,,,,,,,
4392,22,576924,Pikachu World Collection 2010 Blue Set,products_nonsingles_6_2026-07-05.json,,,,,,,,,,
4434,275,583507,Brilliant Stars Build & Battle Box,products_nonsingles_6_2026-07-05.json,,,,,,,,,,
4440,131,604990,Special Card Set Grass Leafeon VSTAR,products_nonsingles_6_2026-07-05.json,,,,,,,,,,
4441,95,609612,Battle Region Booster Box,products_nonsingles_6_2026-07-05.json,,,,,,,,,,
4463,50,584532,Pokémon Jungle Booster,products_nonsingles_6_2026-07-05.json,,,,,,,,,,
4464,50,606330,Mystery of the Fossils Booster,products_nonsingles_6_2026-07-05.json,,,,,,,,,,
4465,67,606331,Rocket Gang Booster,products_nonsingles_6_2026-07-05.json,,,,,,,,,,
4466,98,606332,Leaders' Stadium Booster,products_nonsingles_6_2026-07-05.json,,,,,,,,,,
4467,100,606333,Challenge from the Darkness Booster,products_nonsingles_6_2026-07-05.json,,,,,,,,,,
4490,49,551971,Extra Regulation Box,products_nonsingles_6_2026-07-05.json,,,,,,,,,,
4505,6,605997,Poké Card Creator Pack,products_nonsingles_6_2026-07-05.json,,,,,,,,,,
4506,100,605065,Neo Premium File 1,products_nonsingles_6_2026-07-05.json,,,,,,,,,,
4507,60,605066,Neo Premium File 2,products_nonsingles_6_2026-07-05.json,,,,,,,,,,
4508,60,605067,Neo Premium File 3,products_nonsingles_6_2026-07-05.json,,,,,,,,,,
4509,115,606734,"Darkness, and to Light... Booster Box",products_nonsingles_6_2026-07-05.json,,,,,,,,,,
4515,40,606459,Premium Trainer Box VSTAR,products_nonsingles_6_2026-07-05.json,,,,,,,,,,
4516,24,606650,Sword & Shield Starter Set Lucario VSTAR,products_nonsingles_6_2026-07-05.json,,,,,,,,,,
4517,23,606651,Sword & Shield Starter Set Darkrai VSTAR,products_nonsingles_6_2026-07-05.json,,,,,,,,,,
4518,27,606623,Start Deck 100 CoroCoro Comic Version,products_nonsingles_6_2026-07-05.json,,,,,,,,,,
4786,108,608123,Pokémon GO Enhanced Expansion Pack Booster,products_nonsingles_6_2026-07-05.json,,,,,,,,,,
4973,90,611242,Time Gazer Booster Box,products_nonsingles_6_2026-07-05.json,,,,,,,,,,
4974,90,611243,Space Juggler Booster Box,products_nonsingles_6_2026-07-05.json,,,,,,,,,,
4979,294,611348,Astral Radiance Fun Pack (3 Cards),products_nonsingles_6_2026-07-05.json,,,,,,,,,,
5021,160,650581,Base Expansion Pack Booster Box,products_nonsingles_6_2026-07-05.json,,,,,,,,,,
5022,95,650582,The Town on No Map Booster Box,products_nonsingles_6_2026-07-05.json,,,,,,,,,,
5023,93,650583,Wind from the Sea Booster Box,products_nonsingles_6_2026-07-05.json,,,,,,,,,,
5024,93,650584,Split Earth Booster Box,products_nonsingles_6_2026-07-05.json,,,,,,,,,,
5025,93,650585,Mysterious Mountains Booster Box,products_nonsingles_6_2026-07-05.json,,,,,,,,,,
5034,12,651135,Chimchar Lv.6 [Flare | Lunge],products_singles_6_2026-07-05.json,,,,,,,,,,
5048,101,653290,Dark Phantasma Booster Box,products_nonsingles_6_2026-07-05.json,,,,,,,,,,
5051,145,653699,Pokémon GO Booster,products_nonsingles_6_2026-07-05.json,,,,,,,,,,
5059,42,654105,Intro Pack Box,products_nonsingles_6_2026-07-05.json,,,,,,,,,,
5060,41,654260,Growlithe [Lunge | Ember],products_singles_6_2026-07-05.json,,,,,,,,,,
5061,41,654109,Intro Pack Neo Box,products_nonsingles_6_2026-07-05.json,,,,,,,,,,
5062,40,654300,Totodile [Scratch | Bite],products_singles_6_2026-07-05.json,,,,,,,,,,
5093,288,665526,Lost Origin Booster Box,products_nonsingles_6_2026-07-05.json,,,,,,,,,,
5094,129,665653,Lost Abyss Booster,products_nonsingles_6_2026-07-05.json,,,,,,,,,,
5096,23,665549,VSTAR & VMAX High Class Deck Zeraora,products_nonsingles_6_2026-07-05.json,,,,,,,,,,
5097,23,665550,VSTAR & VMAX High Class Deck Deoxys,products_nonsingles_6_2026-07-05.json,,,,,,,,,,
5098,8,665545,V & VSTAR Promo Card Pack,products_nonsingles_6_2026-07-05.json,,,,,,,,,,
5127,96,669629,Incandescent Arcana Booster Box,products_nonsingles_6_2026-07-05.json,,,,,,,,,,
5135,22,670465,McDonald's Match Battle 2022 Booster,products_nonsingles_6_2026-07-05.json,,,,,,,,,,
5138,33,669556,Trick or Trade BOOster,products_nonsingles_6_2026-07-05.json,,,,,,,,,,
5142,288,672310,Silver Tempest 6 Booster Box Case,products_nonsingles_6_2026-07-05.json,,,,,,,,,,
5156,129,675864,Paradigm Trigger Booster Box,products_nonsingles_6_2026-07-05.json,,,,,,,,,,
5179,35,679419,Special Battle Set Charizard VSTAR vs Rayquaza VMAX,products_nonsingles_6_2026-07-05.json,,,,,,,,,,
5198,270,681796,VSTAR Universe Booster Box,products_nonsingles_6_2026-07-05.json,,,,,,,,,,
5201,290,683006,Crown Zenith Booster,products_nonsingles_6_2026-07-05.json,,,,,,,,,,
5204,212,684414,Play! Pokémon Prize Pack Series One Booster,products_nonsingles_6_2026-07-05.json,,,,,,,,,,
5212,330,689240,Scarlet ex & Violet ex Promo Card Pack,products_nonsingles_6_2026-07-05.json,,,,,,,,,,
5216,120,689085,Scarlet ex Booster,products_nonsingles_6_2026-07-05.json,,,,,,,,,,
5217,111,689086,Violet ex Booster,products_nonsingles_6_2026-07-05.json,,,,,,,,,,
5218,29,689089,ex Starter Set Sprigatito & Lucario ex,products_nonsingles_6_2026-07-05.json,,,,,,,,,,
5219,27,689090,ex Starter Set Fuecoco & Ampharos ex,products_nonsingles_6_2026-07-05.json,,,,,,,,,,
5220,29,689091,ex Starter Set Quaxly & Mimikyu ex,products_nonsingles_6_2026-07-05.json,,,,,,,,,,
5221,29,689099,Premium Trainer Box ex,products_nonsingles_6_2026-07-05.json,,,,,,,,,,
5223,339,692088,Scarlet & Violet Booster,products_nonsingles_6_2026-07-05.json,,,,,,,,,,
5224,56,689750,Basic Grass Energy,products_singles_6_2026-07-05.json,,,,,,,,,,
5241,310,726926,World Championships 2023 Paradise Resort Full Set,products_nonsingles_6_2026-07-05.json,,,,,,,,,,
5257,106,695793,Triplet Beat Booster Box,products_nonsingles_6_2026-07-05.json,,,,,,,,,,
5299,28,699940,ex Starter Set Pikachu ex & Pawmot,products_nonsingles_6_2026-07-05.json,,,,,,,,,,
5313,189,702148,Play! Pokémon Prize Pack Series Two Booster,products_nonsingles_6_2026-07-05.json,,,,,,,,,,
5314,102,702930,Snow Hazard Booster,products_nonsingles_6_2026-07-05.json,,,,,,,,,,
5315,103,702931,Clay Burst Booster,products_nonsingles_6_2026-07-05.json,,,,,,,,,,
5318,359,703155,Paldea Evolved Booster,products_nonsingles_6_2026-07-05.json,,,,,,,,,,
5328,216,704498,Pokémon Card 151 Booster,products_nonsingles_6_2026-07-05.json,,,,,,,,,,
5335,379,681216,Sprigatito Paldea Collection,products_nonsingles_6_2026-07-05.json,,,,,,,,,,
5351,9,708460,Scarlet & Violet ex Special Set,products_nonsingles_6_2026-07-05.json,,,,,,,,,,
5362,150,712633,Grass Decidueye ex Start Deck,products_nonsingles_6_2026-07-05.json,,,,,,,,,,
5385,292,715464,Obsidian Flames Elite Trainer Box,products_nonsingles_6_2026-07-05.json,,,,,,,,,,
5402,278,719691,151 Elite Trainer Box,products_nonsingles_6_2026-07-05.json,,,,,,,,,,
5405,33,719775,Trick or Trade 2023 BOOster,products_nonsingles_6_2026-07-05.json,,,,,,,,,,
5409,144,719787,Ruler of the Black Flame Booster,products_nonsingles_6_2026-07-05.json,,,,,,,,,,
5410,34,719827,World Championships 2023 Yokohama Deck -Pikachu-,products_nonsingles_6_2026-07-05.json,,,,,,,,,,
5415,17,296835,Legacy Evolution Collection,products_nonsingles_6_2026-07-05.json,,,,,,,,,,
5422,39,719793,Ruler of the Black Flame Deck Build Box,products_nonsingles_6_2026-07-05.json,,,,,,,,,,
5430,16,725417,McDonald's Match Battle 2023 Booster,products_nonsingles_6_2026-07-05.json,,,,,,,,,,
5431,202,725451,Play! Pokémon Prize Pack Series Three Booster,products_nonsingles_6_2026-07-05.json,,,,,,,,,,
5432,95,726556,Raging Surf Booster Box,products_nonsingles_6_2026-07-05.json,,,,,,,,,,
5444,337,728716,Paradox Rift Booster,products_nonsingles_6_2026-07-05.json,,,,,,,,,,
5476,24,732415,Terastal Starter Set Skeledirge ex,products_nonsingles_6_2026-07-05.json,,,,,,,,,,
5477,24,732420,Terastal Starter Set Mewtwo ex,products_nonsingles_6_2026-07-05.json,,,,,,,,,,
5478,98,732593,Ancient Roar Booster,products_nonsingles_6_2026-07-05.json,,,,,,,,,,
5479,98,732594,Future Flash Booster,products_nonsingles_6_2026-07-05.json,,,,,,,,,,
5519,363,740460,Shiny Treasure ex Booster,products_nonsingles_6_2026-07-05.json,,,,,,,,,,
5525,56,741953,Venusaur & Charizard & Blastoise Special Deck Set ex,products_nonsingles_6_2026-07-05.json,,,,,,,,,,
5526,52,721852,My First Battle: Bulbasaur & Pikachu,products_nonsingles_6_2026-07-05.json,,,,,,,,,,
5527,35,743142,Pokémon Card Game Classic: Venusaur & Lugia ex Deck,products_nonsingles_6_2026-07-05.json,,,,,,,,,,
5528,35,743143,Pokémon Card Game Classic: Charizard & Ho-Oh ex Deck,products_nonsingles_6_2026-07-05.json,,,,,,,,,,
5529,35,743144,Pokémon Card Game Classic: Blastoise & Suicune ex Deck,products_nonsingles_6_2026-07-05.json,,,,,,,,,,
5530,36,745656,Pokémon Trading Card Game Classic: Venusaur & Lugia ex Deck,products_nonsingles_6_2026-07-05.json,,,,,,,,,,
5531,35,745657,Pokémon Trading Card Game Classic: Charizard & Ho-Oh ex Deck,products_nonsingles_6_2026-07-05.json,,,,,,,,,,
5532,35,745658,Pokémon Trading Card Game Classic: Blastoise & Suicune ex Deck,products_nonsingles_6_2026-07-05.json,,,,,,,,,,
5546,297,745544,Paldean Fates Booster,products_nonsingles_6_2026-07-05.json,,,,,,,,,,
5573,103,749453,Wild Force Booster,products_nonsingles_6_2026-07-05.json,,,,,,,,,,
5574,103,749454,Cyber Judge Booster,products_nonsingles_6_2026-07-05.json,,,,,,,,,,
5575,54,749451,Starter Deck & Build Set Ancient Koraidon ex,products_nonsingles_6_2026-07-05.json,,,,,,,,,,
5576,54,749452,Starter Deck & Build Set Future Miraidon ex,products_nonsingles_6_2026-07-05.json,,,,,,,,,,
5589,286,750399,Temporal Forces Booster,products_nonsingles_6_2026-07-05.json,,,,,,,,,,
5620,115,754820,Play! Pokémon Prize Pack Series Four Booster,products_nonsingles_6_2026-07-05.json,,,,,,,,,,
5621,101,754821,Scarlet & Violet Battle Academy,products_nonsingles_6_2026-07-05.json,,,,,,,,,,
5636,99,757140,Crimson Haze Booster,products_nonsingles_6_2026-07-05.json,,,,,,,,,,
5681,11,288684,Onix Coin (Nivi City Gym),products_nonsingles_6_2026-07-05.json,,,,,,,,,,
5682,13,288685,Starmie Coin (Hanada City Gym),products_nonsingles_6_2026-07-05.json,,,,,,,,,,
5683,12,288686,Raichu Coin (Kuchiba City Gym),products_nonsingles_6_2026-07-05.json,,,,,,,,,,
5684,9,288687,Gloom Coin (Tamamushi City Gym),products_nonsingles_6_2026-07-05.json,,,,,,,,,,
5685,13,288692,Alakazam Coin (Yamabuki City Gym),products_nonsingles_6_2026-07-05.json,,,,,,,,,,
5686,13,288693,Arcanine Coin (Guren Town Gym),products_nonsingles_6_2026-07-05.json,,,,,,,,,,
5690,138,761215,Mask of Change Booster,products_nonsingles_6_2026-07-05.json,,,,,,,,,,
5691,288,761217,Twilight Masquerade Booster,products_nonsingles_6_2026-07-05.json,,,,,,,,,,
5693,70,761559,Offense and Defense of the Furthest Ends Booster,products_nonsingles_6_2026-07-05.json,,,,,,,,,,
5694,25,761557,Shockwave! Tyranitar ex Constructed Standard Deck,products_nonsingles_6_2026-07-05.json,,,,,,,,,,
5695,25,761558,Imprison! Gardevoir ex Constructed Standard Deck,products_nonsingles_6_2026-07-05.json,,,,,,,,,,
5698,17,761957,Earth's Groudon ex Constructed Starter Deck,products_nonsingles_6_2026-07-05.json,,,,,,,,,,
5699,17,761956,Ocean's Kyogre ex Constructed Starter Deck,products_nonsingles_6_2026-07-05.json,,,,,,,,,,
5700,77,761958,Miracle Crystal Booster,products_nonsingles_6_2026-07-05.json,,,,,,,,,,
5703,54,763462,Holon Phantom Booster,products_nonsingles_6_2026-07-05.json,,,,,,,,,,
5709,88,764772,Holon Research Tower Booster,products_nonsingles_6_2026-07-05.json,,,,,,,,,,
5710,88,764774,Mirage Forest Booster,products_nonsingles_6_2026-07-05.json,,,,,,,,,,
5711,108,764776,"Golden Sky, Silvery Ocean Booster",products_nonsingles_6_2026-07-05.json,,,,,,,,,,
5712,87,764779,Rocket Gang Strikes Back Booster,products_nonsingles_6_2026-07-05.json,,,,,,,,,,
5713,84,764782,Clash of the Blue Sky Booster,products_nonsingles_6_2026-07-05.json,,,,,,,,,,
5714,84,764784,Flight of Legends Booster,products_nonsingles_6_2026-07-05.json,,,,,,,,,,
5715,16,764871,Holon Research Tower Lightning Quarter Deck,products_nonsingles_6_2026-07-05.json,,,,,,,,,,
5716,16,764872,Holon Research Tower Water Quarter Deck,products_nonsingles_6_2026-07-05.json,,,,,,,,,,
5717,16,764873,Holon Research Tower Fire Quarter Deck,products_nonsingles_6_2026-07-05.json,,,,,,,,,,
5718,43,764874,Master Kit,products_nonsingles_6_2026-07-05.json,,,,,,,,,,
5719,17,764875,Mirage's Mew Constructed Starter Deck,products_nonsingles_6_2026-07-05.json,,,,,,,,,,
5720,17,764876,Feraligatr Constructed Starter Deck,products_nonsingles_6_2026-07-05.json,,,,,,,,,,
5721,17,764877,Typhlosion Constructed Starter Deck,products_nonsingles_6_2026-07-05.json,,,,,,,,,,
5722,17,764878,Meganium Constructed Starter Deck,products_nonsingles_6_2026-07-05.json,,,,,,,,,,
5723,97,764879,Grass Quick Construction Pack,products_nonsingles_6_2026-07-05.json,,,,,,,,,,
5724,39,764892,Gift Box Emerald,products_nonsingles_6_2026-07-05.json,,,,,,,,,,
5725,21,764885,Silver Deck Kit,products_nonsingles_6_2026-07-05.json,,,,,,,,,,
5726,21,764886,Black Deck Kit,products_nonsingles_6_2026-07-05.json,,,,,,,,,,
5727,16,764887,Rayquaza Constructed Starter Deck,products_nonsingles_6_2026-07-05.json,,,,,,,,,,
5728,16,764888,Deoxys Constructed Starter Deck,products_nonsingles_6_2026-07-05.json,,,,,,,,,,
5729,55,764889,Venusaur Random Constructed Starter Deck,products_nonsingles_6_2026-07-05.json,,,,,,,,,,
5737,24,765997,Battle Master Deck Tera Charizard ex: Tera Charizard Coin,products_nonsingles_6_2026-07-05.json,,,,,,,,,,
5738,22,765998,Battle Master Deck Chien-Pao ex: Chien-Pao Coin,products_nonsingles_6_2026-07-05.json,,,,,,,,,,
5757,97,769157,Night Wanderer Booster,products_nonsingles_6_2026-07-05.json,,,,,,,,,,
5760,127,770953,Shrouded Fable Booster,products_nonsingles_6_2026-07-05.json,,,,,,,,,,
5782,139,773317,Stellar Miracle Booster,products_nonsingles_6_2026-07-05.json,,,,,,,,,,
5796,40,775963,Trick or Trade 2024 BOOster,products_nonsingles_6_2026-07-05.json,,,,,,,,,,
5798,16,606302,Pokémon Coin Collection Vol.2: Gold Mirror Foil Eevee Coin,products_nonsingles_6_2026-07-05.json,,,,,,,,,,
5802,233,776321,Stellar Crown Booster,products_nonsingles_6_2026-07-05.json,,,,,,,,,,
5834,80,779972,Radiant Greninja [Concealed Cards | Moonlight Shuriken],products_singles_6_2026-07-05.json,,,,,,,,,,
5835,53,773319,Stellar Miracle Deck Build Box,products_nonsingles_6_2026-07-05.json,,,,,,,,,,
5838,84,725079,Charizard VMAX Battle Set Gift Box,products_nonsingles_6_2026-07-05.json,,,,,,,,,,
5841,26,780783,Stellar Tera Type Starter Set Sylveon ex,products_nonsingles_6_2026-07-05.json,,,,,,,,,,
5842,26,780784,Stellar Tera Type Starter Set Ceruledge ex,products_nonsingles_6_2026-07-05.json,,,,,,,,,,
5846,97,781843,Paradise Dragona Booster,products_nonsingles_6_2026-07-05.json,,,,,,,,,,
5849,116,781903,Play! Pokémon Prize Pack Series Five Booster,products_nonsingles_6_2026-07-05.json,,,,,,,,,,
5861,9,783501,Pikachu VMAX [Quick Attack | Discharge | Volt Tackle],products_singles_6_2026-07-05.json,,,,,,,,,,
5863,20,783869,Metagross Constructed Starter Deck,products_nonsingles_6_2026-07-05.json,,,,,,,,,,
5864,85,783878,Undone Seal Booster,products_nonsingles_6_2026-07-05.json,,,,,,,,,,
5865,18,784101,Seedot [Tackle],products_singles_6_2026-07-05.json,,,,,,,,,,
5866,19,783877,Gift Box Latias & Latios ex,products_nonsingles_6_2026-07-05.json,,,,,,,,,,
5867,34,783870,Aqua Deck Kit,products_nonsingles_6_2026-07-05.json,,,,,,,,,,
5868,34,783871,Magma Deck Kit,products_nonsingles_6_2026-07-05.json,,,,,,,,,,
5869,82,783879,Magma VS Aqua: Two Ambitions Booster,products_nonsingles_6_2026-07-05.json,,,,,,,,,,
5870,20,783872,Salamence Constructed Starter Deck,products_nonsingles_6_2026-07-05.json,,,,,,,,,,
5871,20,783873,Flygon Constructed Starter Deck,products_nonsingles_6_2026-07-05.json,,,,,,,,,,
5872,56,783880,Rulers of the Heavens Booster,products_nonsingles_6_2026-07-05.json,,,,,,,,,,
5873,55,783881,Miracle of the Desert Booster,products_nonsingles_6_2026-07-05.json,,,,,,,,,,
5874,20,783874,Mudkip Constructed Starter Deck,products_nonsingles_6_2026-07-05.json,,,,,,,,,,
5875,20,783875,Torchic Constructed Starter Deck,products_nonsingles_6_2026-07-05.json,,,,,,,,,,
5876,20,783876,Treecko Constructed Starter Deck,products_nonsingles_6_2026-07-05.json,,,,,,,,,,
5877,57,783882,ADV Expansion Pack Booster,products_nonsingles_6_2026-07-05.json,,,,,,,,,,
5879,302,784945,Surging Sparks Booster,products_nonsingles_6_2026-07-05.json,,,,,,,,,,
5890,142,764567,"Battle Academy 2024: Pikachu, Armarouge & Darkrai Coin",products_nonsingles_6_2026-07-05.json,,,,,,,,,,
5901,141,789975,Super Electric Breaker Booster,products_nonsingles_6_2026-07-05.json,,,,,,,,,,
5914,50,552429,M Master Deck Build Box Speed Style,products_nonsingles_6_2026-07-05.json,,,,,,,,,,
5915,50,552434,M Master Deck Build Box Power Style,products_nonsingles_6_2026-07-05.json,,,,,,,,,,
5927,186,794914,Generations Start Decks: Pikachu ex & Snorlax ex,products_nonsingles_6_2026-07-05.json,,,,,,,,,,
5928,252,794933,Terastal Festival ex Booster,products_nonsingles_6_2026-07-05.json,,,,,,,,,,
5944,217,798923,Prismatic Evolutions Booster,products_nonsingles_6_2026-07-05.json,,,,,,,,,,
5960,62,757832,Chinese Happy Set Venusaur 8-Pack Blister,products_nonsingles_6_2026-07-05.json,,,,,,,,,,
5978,16,802822,McDonald's Dragon Discovery Booster,products_nonsingles_6_2026-07-05.json,,,,,,,,,,
5992,108,804350,"WCD 2024: Fernando Cifuentes """"Crushing Thorn""""",products_nonsingles_6_2026-07-05.json,,,,,,,,,,
5996,140,804826,Battle Partners Booster,products_nonsingles_6_2026-07-05.json,,,,,,,,,,
5997,54,804831,Battle Partners Deck Build Box,products_nonsingles_6_2026-07-05.json,,,,,,,,,,
6001,118,804854,CBB1C: Gem Pack Booster,products_nonsingles_6_2026-07-05.json,,,,,,,,,,
6006,213,805575,Journey Together Booster,products_nonsingles_6_2026-07-05.json,,,,,,,,,,
6009,243,806244,Live Code Card (Booster),products_singles_6_2026-07-05.json,,,,,,,,,,
6016,23,807981,Starter Set ex Marnie's Morpeko & Grimmsnarl ex,products_nonsingles_6_2026-07-05.json,,,,,,,,,,
6017,23,807979,Starter Set ex Steven's Beldum & Metagross ex,products_nonsingles_6_2026-07-05.json,,,,,,,,,,
6037,95,810651,Heat Wave Arena Booster,products_nonsingles_6_2026-07-05.json,,,,,,,,,,
6041,120,810714,Play! Pokémon Prize Pack Series Six Booster,products_nonsingles_6_2026-07-05.json,,,,,,,,,,
6088,35,817758,Live Code Card (Booster),products_singles_6_2026-07-05.json,,,,,,,,,,
6092,136,818037,The Glory of Team Rocket Booster,products_nonsingles_6_2026-07-05.json,,,,,,,,,,
6096,267,818570,Destined Rivals Booster,products_nonsingles_6_2026-07-05.json,,,,,,,,,,
6099,221,804846,151C: Collect 151 Journey Booster,products_nonsingles_6_2026-07-05.json,,,,,,,,,,
6110,169,821698,CSV3C: Fearless Terastal Booster Box,products_nonsingles_6_2026-07-05.json,,,,,,,,,,
6111,142,821700,CBB2C: Gem Pack Vol. 2 Booster Box,products_nonsingles_6_2026-07-05.json,,,,,,,,,,
6121,167,815986,CSV2C: Miracle Journey Booster Box,products_nonsingles_6_2026-07-05.json,,,,,,,,,,
6127,302,823557,Pikachu Wearing a Batik Shirt [Full Preparations | Electro Ball],products_singles_6_2026-07-05.json,,,,,,,,,,
6128,211,823541,Spidops [String Truss | Jet Headbutt],products_singles_6_2026-07-05.json,,,,,,,,,,
6130,180,823752,Black Bolt / White Flare JP Card File Set,products_nonsingles_6_2026-07-05.json,,,,,,,,,,
6131,179,823793,White Flare JP Booster Box,products_nonsingles_6_2026-07-05.json,,,,,,,,,,
6134,181,824086,Black Bolt Booster,products_nonsingles_6_2026-07-05.json,,,,,,,,,,
6135,182,824087,White Flare Booster,products_nonsingles_6_2026-07-05.json,,,,,,,,,,
6140,44,826159,Live Code Card (Booster),products_singles_6_2026-07-05.json,,,,,,,,,,
6168,148,829946,CSVL1C: Adventure Special Pack,products_nonsingles_6_2026-07-05.json,,,,,,,,,,
6169,169,829947,CSV4C: Bonus Round Booster,products_nonsingles_6_2026-07-05.json,,,,,,,,,,
6189,96,831312,Mega Brave Pokémon Center Set,products_nonsingles_6_2026-07-05.json,,,,,,,,,,
6190,96,831314,Mega Symphonia Pokémon Center Set,products_nonsingles_6_2026-07-05.json,,,,,,,,,,
6193,171,804856,CSV1C: Eternal Birth Booster,products_nonsingles_6_2026-07-05.json,,,,,,,,,,
6194,115,749099,"WCD 2023: Gabriel Fernandez """"Colorless Lugia""""",products_nonsingles_6_2026-07-05.json,,,,,,,,,,
6197,161,836259,Snivy [Tackle | Vine Whip | SV],products_singles_6_2026-07-05.json,,,,,,,,,,
6198,162,836482,Live Code Card (Booster),products_singles_6_2026-07-05.json,,,,,,,,,,
6199,141,609470,Battle Academy 2022,products_nonsingles_6_2026-07-05.json,,,,,,,,,,
6200,137,550001,Charmander [Scratch | Flame Tail],products_singles_6_2026-07-05.json,,,,,,,,,,
6203,114,690317,"WCD 2022: André Chiasson """"The Shape of Mew""""",products_nonsingles_6_2026-07-05.json,,,,,,,,,,
6204,188,780037,CS4aC: Nine Colors Gathering - Friends Booster,products_nonsingles_6_2026-07-05.json,,,,,,,,,,
6205,181,780038,CS4bC: Nine Colors Gathering - Origin Booster,products_nonsingles_6_2026-07-05.json,,,,,,,,,,
6209,226,834804,Mega Heroes: Mega Venusaur Mini Tin,products_nonsingles_6_2026-07-05.json,,,,,,,,,,
6214,120,835301,Play! Pokémon Prize Pack Series Seven Booster,products_nonsingles_6_2026-07-05.json,,,,,,,,,,
6219,306,837230,Bulbasaur [Leech Seed | 151],products_singles_6_2026-07-05.json,,,,,,,,,,
6220,245,837612,Budew [Itchy Pollen],products_singles_6_2026-07-05.json,,,,,,,,,,
6222,152,837884,Snivy [Tackle | Vine Whip | SV],products_singles_6_2026-07-05.json,,,,,,,,,,
6223,152,838443,Sewaddle [Bug Bite | SV],products_singles_6_2026-07-05.json,,,,,,,,,,
6230,141,838381,Pokémon Card Gym Promo MEGA Vol. 1 Booster (1 Card),products_nonsingles_6_2026-07-05.json,,,,,,,,,,
6231,54,838385,Mega Latias ex Box,products_nonsingles_6_2026-07-05.json,,,,,,,,,,
6232,141,875198,First Partner Illustration Booster Series 1,products_nonsingles_6_2026-07-05.json,,,,,,,,,,
6237,168,840065,CSV5C: Dark Crystal Blaze Booster Box,products_nonsingles_6_2026-07-05.json,,,,,,,,,,
6239,52,831317,Premium Trainer Box MEGA,products_nonsingles_6_2026-07-05.json,,,,,,,,,,
6247,98,800100,CS6.5C: Victory Star Guide Booster Box,products_nonsingles_6_2026-07-05.json,,,,,,,,,,
6248,91,781853,CS5.5C: Shadow of Glory Booster Box,products_nonsingles_6_2026-07-05.json,,,,,,,,,,
6249,173,787552,CS6aC: Azure Shadow - Roar Booster Box,products_nonsingles_6_2026-07-05.json,,,,,,,,,,
6250,176,787553,CS6bC: Azure Shadow - Pursuit Booster Box,products_nonsingles_6_2026-07-05.json,,,,,,,,,,
6252,85,780027,CS4.5C: Final Flame Dance Booster,products_nonsingles_6_2026-07-05.json,,,,,,,,,,
6257,180,780029,CS5aC: Brave Stars - Charm Booster,products_nonsingles_6_2026-07-05.json,,,,,,,,,,
6258,182,780030,CS5bC: Brave Stars - Brave Booster,products_nonsingles_6_2026-07-05.json,,,,,,,,,,
6259,25,842330,MEGA Starter Set Mega Gengar ex,products_nonsingles_6_2026-07-05.json,,,,,,,,,,
6260,25,842331,MEGA Starter Set Mega Diancie ex,products_nonsingles_6_2026-07-05.json,,,,,,,,,,
6265,92,780111,CS3.5C: Scorching Skies Booster,products_nonsingles_6_2026-07-05.json,,,,,,,,,,
6266,188,780116,CS3aC: Primordial Arts - Overgrow Booster,products_nonsingles_6_2026-07-05.json,,,,,,,,,,
6267,183,780117,CS3bC: Primordial Arts - Torrent Booster,products_nonsingles_6_2026-07-05.json,,,,,,,,,,
6272,24,780110,CS4.1C: Radiant Energy Vol.1 Booster,products_nonsingles_6_2026-07-05.json,,,,,,,,,,
6273,24,781852,CS5.1C: Radiant Energy Vol. 2 Booster,products_nonsingles_6_2026-07-05.json,,,,,,,,,,
6274,25,787547,CS6.1C: Radiant Energy Vol. 3 Booster,products_nonsingles_6_2026-07-05.json,,,,,,,,,,
6275,26,844389,White Kyurem [Field Crush | Freezing Flame],products_singles_6_2026-07-05.json,,,,,,,,,,
6276,81,780130,CS2.5C: Brilliant Counterattack Booster,products_nonsingles_6_2026-07-05.json,,,,,,,,,,
6279,147,780132,CS2aC: Vivid Portrayals - Obsidian Booster,products_nonsingles_6_2026-07-05.json,,,,,,,,,,
6281,147,780133,CS2bC: Vivid Portrayals - Indigo Booster,products_nonsingles_6_2026-07-05.json,,,,,,,,,,
6287,182,845722,Black & White Indonesian Collector Set,products_nonsingles_6_2026-07-05.json,,,,,,,,,,
6288,98,780140,CS1.5C: Dynamax Tactics Booster Box,products_nonsingles_6_2026-07-05.json,,,,,,,,,,
6290,34,850911,Spiritomb [Spiteful Swirl | Mountain Breaker],products_singles_6_2026-07-05.json,,,,,,,,,,
6291,119,845910,Inferno X Booster Box,products_nonsingles_6_2026-07-05.json,,,,,,,,,,
6292,138,845908,CBB3C: Gem Pack Vol. 3 Booster Box,products_nonsingles_6_2026-07-05.json,,,,,,,,,,
6297,221,780144,CS1aC: Dynamax Clash - Thunder Booster,products_nonsingles_6_2026-07-05.json,,,,,,,,,,
6298,203,780145,CS1bC: Dynamax Clash - Flame Booster,products_nonsingles_6_2026-07-05.json,,,,,,,,,,
6299,155,846729,Phantasmal Flames Booster,products_nonsingles_6_2026-07-05.json,,,,,,,,,,
6300,20,858502,Genesect [Bug's Cannon | Speed Attack],products_singles_6_2026-07-05.json,,,,,,,,,,
6301,21,804179,Giratina VSTAR Deck Building Advanced Gift Box,products_nonsingles_6_2026-07-05.json,,,,,,,,,,
6302,18,804174,Poké Ball Gift Box: Pokémon Art Illustration Celebration Gathering,products_nonsingles_6_2026-07-05.json,,,,,,,,,,
6303,5,804176,Quicksand Card Display Pendant Gift Box,products_nonsingles_6_2026-07-05.json,,,,,,,,,,
6309,105,848372,CSVH3C: Happy Combo Altaria & Latios & Infernape & Maushold Box Set,products_nonsingles_6_2026-07-05.json,,,,,,,,,,
6310,235,851948,CSVE2C: Battle Party Dream Vol. 1 Set,products_nonsingles_6_2026-07-05.json,,,,,,,,,,
6311,205,822528,CSVE1C: Battle Party Dream Together Set,products_nonsingles_6_2026-07-05.json,,,,,,,,,,
6313,101,800311,CSM2.5C: Striking Competition Booster,products_nonsingles_6_2026-07-05.json,,,,,,,,,,
6314,90,800326,CSM1.5C: Battle Elite Booster,products_nonsingles_6_2026-07-05.json,,,,,,,,,,
6319,198,800314,CSM2aC: Shining Synergy - Shower Booster,products_nonsingles_6_2026-07-05.json,,,,,,,,,,
6320,197,800315,CSM2bC: Shining Synergy - Supreme Booster,products_nonsingles_6_2026-07-05.json,,,,,,,,,,
6321,196,800316,CSM2cC: Shining Synergy - Summon Booster,products_nonsingles_6_2026-07-05.json,,,,,,,,,,
6324,8,851008,Basic Grass Energy,products_singles_6_2026-07-05.json,,,,,,,,,,
6328,309,851685,Mission Reward Vol. 1 Pack,products_nonsingles_6_2026-07-05.json,,,,,,,,,,
6329,220,810400,Charizard VMAX [Claw Slash | G-Max Wildfire],products_singles_6_2026-07-05.json,,,,,,,,,,
6330,50,859601,Shaymin [Coax | Soothing Scent],products_singles_6_2026-07-05.json,,,,,,,,,,
6334,119,822529,CSVH2C: Happy Combo Lucario & Greninja & Zamazenta & Mabosstiff Box Set,products_nonsingles_6_2026-07-05.json,,,,,,,,,,
6335,94,804860,CSVH1C: Simplified Chinese Happy Card Set,products_nonsingles_6_2026-07-05.json,,,,,,,,,,
6341,215,800330,CSM1aC: Storming Emergence - Radiant Booster,products_nonsingles_6_2026-07-05.json,,,,,,,,,,
6342,208,800331,CSM1bC: Storming Emergence - Verdant Booster,products_nonsingles_6_2026-07-05.json,,,,,,,,,,
6343,216,800332,CSM1cC: Storming Emergence - Abundant Booster,products_nonsingles_6_2026-07-05.json,,,,,,,,,,
6347,24,853902,Mewtwo V-UNION Binder Collection,products_nonsingles_6_2026-07-05.json,,,,,,,,,,
6348,29,853937,Pikachu Legendary Celebration: Great Ball Tin,products_nonsingles_6_2026-07-05.json,,,,,,,,,,
6349,20,853941,Art Illustration Celebration: Poké Ball Tin,products_nonsingles_6_2026-07-05.json,,,,,,,,,,
6350,15,793724,Pokémon Card Display Set Gift Box Gengar,products_nonsingles_6_2026-07-05.json,,,,,,,,,,
6354,10,804177,Sword & Shield Trainer Collection Gift Box,products_nonsingles_6_2026-07-05.json,,,,,,,,,,
6355,69,800094,Variety Treasure Box,products_nonsingles_6_2026-07-05.json,,,,,,,,,,
6356,10,780105,Pokémon Card Display Set Gift Box Eevee,products_nonsingles_6_2026-07-05.json,,,,,,,,,,
6357,15,800890,Pokémon Card Display Set Gift Box Charizard,products_nonsingles_6_2026-07-05.json,,,,,,,,,,
6361,146,855605,CSVL2C: Travel Special Pack,products_nonsingles_6_2026-07-05.json,,,,,,,,,,
6362,167,855582,CSV6C: True Mystery Booster Box,products_nonsingles_6_2026-07-05.json,,,,,,,,,,
6366,6,800328,Lillie's Support Gift Box,products_nonsingles_6_2026-07-05.json,,,,,,,,,,
6367,13,720444,Espeon GX Gift Box,products_nonsingles_6_2026-07-05.json,,,,,,,,,,
6368,20,800310,Arceus & Dialga & Palkia GX Premium Deck Building Box,products_nonsingles_6_2026-07-05.json,,,,,,,,,,
6369,16,800309,Shining Pokémon Poké Ball Gift Box,products_nonsingles_6_2026-07-05.json,,,,,,,,,,
6380,255,858379,MEGA Dream ex Booster Box Case,products_nonsingles_6_2026-07-05.json,,,,,,,,,,
6381,786,858378,MEGA Start Deck 100 Battle Collection,products_nonsingles_6_2026-07-05.json,,,,,,,,,,
6382,24,858377,MEGA Start Deck 100 Battle Collection Corociao Version,products_nonsingles_6_2026-07-05.json,,,,,,,,,,
6391,128,859915,Bulbasaur [Bind Down],products_singles_6_2026-07-05.json,,,,,,,,,,
6392,85,859965,Chikorita [Razor Leaf],products_singles_6_2026-07-05.json,,,,,,,,,,
6393,129,860009,Bulbasaur [Bind Down],products_singles_6_2026-07-05.json,,,,,,,,,,
6394,64,860043,Mega Evolution ID/TH Special Set Chikorita 2-Pack Blister,products_nonsingles_6_2026-07-05.json,,,,,,,,,,
6395,330,860562,Ascended Heroes Booster,products_nonsingles_6_2026-07-05.json,,,,,,,,,,
6397,164,860996,CS5DC: Brave Stars V Starter Deck,products_nonsingles_6_2026-07-05.json,,,,,,,,,,
6398,25,860995,CSNC: Brave Stars Deck Building Gift Box,products_nonsingles_6_2026-07-05.json,,,,,,,,,,
6401,12,776169,Vaporeon VMAX Gift Box,products_nonsingles_6_2026-07-05.json,,,,,,,,,,
6402,20,802060,Mew Confluence Deck Building Advanced Gift Box,products_nonsingles_6_2026-07-05.json,,,,,,,,,,
6403,184,780115,CS3DC: Primordial Arts V Starter Deck,products_nonsingles_6_2026-07-05.json,,,,,,,,,,
6404,20,780113,CSBC: Primordial Arts Deck Building Gift Box Venusaur,products_nonsingles_6_2026-07-05.json,,,,,,,,,,
6405,20,780114,CSCC: Primordial Arts Deck Building Gift Box Blastoise,products_nonsingles_6_2026-07-05.json,,,,,,,,,,
6406,11,861238,Meowth's Little Tricks Booster,products_nonsingles_6_2026-07-05.json,,,,,,,,,,
6407,25,780143,CSAC: Dynamax Clash Deck Building Box,products_nonsingles_6_2026-07-05.json,,,,,,,,,,
6408,223,780142,CS1DC: Dynamax Clash V Starter Deck,products_nonsingles_6_2026-07-05.json,,,,,,,,,,
6409,236,861526,Ethan's Pinsir [Vise Grip | Rallying Horn],products_singles_6_2026-07-05.json,,,,,,,,,,
6413,57,861847,Presence of Champions Indonesian Collector Set,products_nonsingles_6_2026-07-05.json,,,,,,,,,,
6415,52,862042,Bonds of Destiny Indonesian Collector Set,products_nonsingles_6_2026-07-05.json,,,,,,,,,,
6416,265,862201,CSV7C: Blade Awakening Coin Set,products_nonsingles_6_2026-07-05.json,,,,,,,,,,
6417,46,862256,Indigo Flame Indonesian 10-Pack Set Plus,products_nonsingles_6_2026-07-05.json,,,,,,,,,,
6419,68,862431,Stellar Lightning Collector Set,products_nonsingles_6_2026-07-05.json,,,,,,,,,,
6425,120,864450,Play! Pokémon Prize Pack Series Eight Booster,products_nonsingles_6_2026-07-05.json,,,,,,,,,,
6427,122,864281,Mega Gallade ex Special Set,products_nonsingles_6_2026-07-05.json,,,,,,,,,,
6442,101,865388,Simplified Chinese Scarlet & Violet Battle Academy,products_nonsingles_6_2026-07-05.json,,,,,,,,,,
6443,150,865394,Perfect Order 10 Elite Trainer Box Case,products_nonsingles_6_2026-07-05.json,,,,,,,,,,
6447,198,866295,CBB4C: Gem Pack Vol. 4 Booster Box,products_nonsingles_6_2026-07-05.json,,,,,,,,,,
6454,112,867797,"WCD 2025: Riley McKay """"KSI's Gardevoir""""",products_nonsingles_6_2026-07-05.json,,,,,,,,,,
6455,293,869611,Ascended Heroes Live Code Card: Booster,products_singles_6_2026-07-05.json,,,,,,,,,,
6494,126,873179,Ninja Spinner Booster,products_nonsingles_6_2026-07-05.json,,,,,,,,,,
6495,271,873180,CSV8C: Brilliant Fantasy Booster,products_nonsingles_6_2026-07-05.json,,,,,,,,,,
6509,49,876859,Beginning Set Plus,products_nonsingles_6_2026-07-05.json,,,,,,,,,,
6510,49,876860,Beginning Set Pikachu,products_nonsingles_6_2026-07-05.json,,,,,,,,,,
6514,20,876867,30th Anniversary Celebration Simplified Chinese: Original Partner Card Set Vol.1,products_nonsingles_6_2026-07-05.json,,,,,,,,,,
6516,13,877703,Gengar [Infinite Shadow | Mind Jack],products_singles_6_2026-07-05.json,,,,,,,,,,
6517,147,877279,Chaos Rising 10 Elite Trainer Box Case,products_nonsingles_6_2026-07-05.json,,,,,,,,,,
6518,12,886624,Delphox [Flaring Magic | Energized Storm],products_singles_6_2026-07-05.json,,,,,,,,,,
6519,64,877270,Void Blast Indonesian 10-Pack Set Plus,products_nonsingles_6_2026-07-05.json,,,,,,,,,,
6543,156,880322,CSVH4C: Happy Set Decidueye & Melmetal & Koraidon & Miraidon Box Set,products_nonsingles_6_2026-07-05.json,,,,,,,,,,
6544,198,880327,CBB5C: Gem Pack Vol. 5 Booster,products_nonsingles_6_2026-07-05.json,,,,,,,,,,
6548,54,881892,Aqua Patch,products_singles_6_2026-07-05.json,,,,,,,,,,
6549,315,881838,Leafeon GX [Breath of the Leaves | Solar Beam | Grand Bloom GX],products_singles_6_2026-07-05.json,,,,,,,,,,
6556,121,883954,Abyss Eye Booster Box Case,products_nonsingles_6_2026-07-05.json,,,,,,,,,,
6568,270,885518,CSV9C: Stellar Crystal Booster,products_nonsingles_6_2026-07-05.json,,,,,,,,,,
6569,140,885527,Pitch Black 24 Sleeved Booster Case,products_nonsingles_6_2026-07-05.json,,,,,,,,,,
6579,49,886891,CSVNC: Land of Kitakami Special Pack,products_nonsingles_6_2026-07-05.json,,,,,,,,,,
6581,336,887367,Bulbasaur [Razor Leaf],products_singles_6_2026-07-05.json,,,,,,,,,,
6582,357,888704,Celebi & Venusaur GX [Pollen Hazard | Solar Beam | Evergreen GX],products_singles_6_2026-07-05.json,,,,,,,,,,
6595,291,889723,CSV9.5C: Terastal Gathering Booster,products_nonsingles_6_2026-07-05.json,,,,,,,,,,
6596,79,889377,Shadow Threat 10-Pack Set Plus,products_nonsingles_6_2026-07-05.json,,,,,,,,,,
6597,64,890349,Transfiguration Mask Booster Box,products_nonsingles_6_2026-07-05.json,,,,,,,,,,
6598,60,890347,Ace Paradox Booster Box,products_nonsingles_6_2026-07-05.json,,,,,,,,,,
6599,60,890346,Paradox Encounters Booster Box,products_nonsingles_6_2026-07-05.json,,,,,,,,,,
6600,65,890345,Black Sparkle Booster Box,products_nonsingles_6_2026-07-05.json,,,,,,,,,,
6601,33,890360,30th Celebration Booster,products_nonsingles_6_2026-07-05.json,,,,,,,,,,
6602,4,890359,30th Celebration JP Booster,products_nonsingles_6_2026-07-05.json,,,,,,,,,,
6603,2,890358,30th Celebration Simplified Chinese Booster,products_nonsingles_6_2026-07-05.json,,,,,,,,,,
6604,4,890357,30th Celebration Indonesian/Thai Booster,products_nonsingles_6_2026-07-05.json,,,,,,,,,,
6605,65,890350,Stellar Guidance Booster Box,products_nonsingles_6_2026-07-05.json,,,,,,,,,,
6616,110,891798,Play! Pokémon Prize Pack Series Nine Booster,products_nonsingles_6_2026-07-05.json,,,,,,,,,,
6633,4,895484,CSV10C: Chasing Glory Together Booster,products_nonsingles_6_2026-07-05.json,,,,,,,,,,
6634,2,895624,CSVH5C: Happy Set Mewtwo & Dragonite & Camerupt & Sinistcha Box Set,products_nonsingles_6_2026-07-05.json,,,,,,,,,,
6635,3,895626,CSVM2aC: Master Strategy Deck Building Set - Raging Bolt ex,products_nonsingles_6_2026-07-05.json,,,,,,,,,,
6636,3,895656,Storm Emeralda Booster,products_nonsingles_6_2026-07-05.json,,,,,,,,,,
6637,1,895734,MEGA Starter Set Eevee ex,products_nonsingles_6_2026-07-05.json,,,,,,,,,,
6638,1,895735,MEGA Starter Set Zorua & Zoroark ex,products_nonsingles_6_2026-07-05.json,,,,,,,,,,
6639,1,895736,MEGA Starter Set Sprigatito & Meowscarada ex,products_nonsingles_6_2026-07-05.json,,,,,,,,,,
6640,4,895742,Pitch Black Live Code Card: Build & Battle Box,products_singles_6_2026-07-05.json,,,,,,,,,,
